-- MySQL dump 10.13  Distrib 8.0.27, for Linux (x86_64)
--
-- Host: localhost    Database: SNCF_app
-- ------------------------------------------------------
-- Server version	8.0.27-0ubuntu0.20.04.1

/*!40101 SET @OLD_CHARACTER_SET_CLIENT=@@CHARACTER_SET_CLIENT */;
/*!40101 SET @OLD_CHARACTER_SET_RESULTS=@@CHARACTER_SET_RESULTS */;
/*!40101 SET @OLD_COLLATION_CONNECTION=@@COLLATION_CONNECTION */;
/*!50503 SET NAMES utf8 */;
/*!40103 SET @OLD_TIME_ZONE=@@TIME_ZONE */;
/*!40103 SET TIME_ZONE='+00:00' */;
/*!40014 SET @OLD_UNIQUE_CHECKS=@@UNIQUE_CHECKS, UNIQUE_CHECKS=0 */;
/*!40014 SET @OLD_FOREIGN_KEY_CHECKS=@@FOREIGN_KEY_CHECKS, FOREIGN_KEY_CHECKS=0 */;
/*!40101 SET @OLD_SQL_MODE=@@SQL_MODE, SQL_MODE='NO_AUTO_VALUE_ON_ZERO' */;
/*!40111 SET @OLD_SQL_NOTES=@@SQL_NOTES, SQL_NOTES=0 */;

--
-- Table structure for table `Billet`
--

DROP TABLE IF EXISTS `Billet`;
/*!40101 SET @saved_cs_client     = @@character_set_client */;
/*!50503 SET character_set_client = utf8mb4 */;
CREATE TABLE `Billet` (
  `idBillet` int NOT NULL AUTO_INCREMENT,
  `GareDepart` int NOT NULL,
  `DateDepart` date NOT NULL,
  `HeureDepart` time NOT NULL,
  `GareArrivee` int NOT NULL,
  `DateArrivee` date NOT NULL,
  `HeureArrivee` time NOT NULL,
  `Prix` int NOT NULL,
  `Train` int NOT NULL,
  `VilleDepart` varchar(45) NOT NULL,
  `VilleDestination` varchar(45) NOT NULL,
  PRIMARY KEY (`idBillet`),
  KEY `fk_Billet_GareDepart_idx` (`GareDepart`),
  KEY `fk_Billet_GareArrivee_idx` (`GareArrivee`),
  KEY `fk_Billet_VilleDepart_idx` (`VilleDepart`),
  KEY `fk_Billet_VilleArrivee_idx` (`VilleDestination`),
  KEY `fk_Billet_Train` (`Train`),
  CONSTRAINT `fk_Billet_GareArrivee` FOREIGN KEY (`GareArrivee`) REFERENCES `Gares` (`id`),
  CONSTRAINT `fk_Billet_GareDepart` FOREIGN KEY (`GareDepart`) REFERENCES `Gares` (`id`),
  CONSTRAINT `fk_Billet_Train` FOREIGN KEY (`Train`) REFERENCES `Train` (`idTrain`),
  CONSTRAINT `fk_Billet_VilleDepart` FOREIGN KEY (`VilleDepart`) REFERENCES `Villes` (`Name`),
  CONSTRAINT `fk_Billet_VilleDestination` FOREIGN KEY (`VilleDestination`) REFERENCES `Villes` (`Name`)
) ENGINE=InnoDB AUTO_INCREMENT=911 DEFAULT CHARSET=utf8mb4 COLLATE=utf8mb4_0900_ai_ci;
/*!40101 SET character_set_client = @saved_cs_client */;

--
-- Dumping data for table `Billet`
--

LOCK TABLES `Billet` WRITE;
/*!40000 ALTER TABLE `Billet` DISABLE KEYS */;
INSERT INTO `Billet` VALUES (1,5,'2021-12-04','06:30:00',1,'2021-12-04','10:30:00',70,1254,'Paris','Montpellier'),(2,5,'2021-12-05','06:30:00',1,'2021-12-05','10:30:00',70,1254,'Paris','Montpellier'),(3,5,'2021-12-06','06:30:00',1,'2021-12-06','10:30:00',70,1254,'Paris','Montpellier'),(4,5,'2021-12-07','06:30:00',1,'2021-12-07','10:30:00',70,1254,'Paris','Montpellier'),(5,5,'2021-12-08','06:30:00',1,'2021-12-08','10:30:00',70,1254,'Paris','Montpellier'),(6,5,'2021-12-09','06:30:00',1,'2021-12-09','10:30:00',70,1254,'Paris','Montpellier'),(7,5,'2021-12-10','06:30:00',1,'2021-12-10','10:30:00',70,1254,'Paris','Montpellier'),(8,5,'2021-12-11','06:30:00',1,'2021-12-11','10:30:00',70,1254,'Paris','Montpellier'),(9,5,'2021-12-12','06:30:00',1,'2021-12-12','10:30:00',70,1254,'Paris','Montpellier'),(10,5,'2021-12-13','06:30:00',1,'2021-12-13','10:30:00',70,1254,'Paris','Montpellier'),(11,5,'2021-12-14','06:30:00',1,'2021-12-14','10:30:00',70,1254,'Paris','Montpellier'),(12,5,'2021-12-15','06:30:00',1,'2021-12-15','10:30:00',70,1254,'Paris','Montpellier'),(13,5,'2021-12-16','06:30:00',1,'2021-12-16','10:30:00',70,1254,'Paris','Montpellier'),(14,5,'2021-12-17','06:30:00',1,'2021-12-17','10:30:00',70,1254,'Paris','Montpellier'),(15,1,'2021-12-04','11:00:00',5,'2021-12-04','15:00:00',70,1254,'Montpellier','Paris'),(16,1,'2021-12-05','11:00:00',5,'2021-12-05','15:00:00',70,1254,'Montpellier','Paris'),(17,1,'2021-12-06','11:00:00',5,'2021-12-06','15:00:00',70,1254,'Montpellier','Paris'),(18,1,'2021-12-07','11:00:00',5,'2021-12-07','15:00:00',70,1254,'Montpellier','Paris'),(19,1,'2021-12-08','11:00:00',5,'2021-12-08','15:00:00',70,1254,'Montpellier','Paris'),(20,1,'2021-12-09','11:00:00',5,'2021-12-09','15:00:00',70,1254,'Montpellier','Paris'),(21,1,'2021-12-10','11:00:00',5,'2021-12-10','15:00:00',70,1254,'Montpellier','Paris'),(22,1,'2021-12-11','11:00:00',5,'2021-12-11','15:00:00',70,1254,'Montpellier','Paris'),(23,1,'2021-12-12','11:00:00',5,'2021-12-12','15:00:00',70,1254,'Montpellier','Paris'),(24,1,'2021-12-13','11:00:00',5,'2021-12-13','15:00:00',70,1254,'Montpellier','Paris'),(25,1,'2021-12-14','11:00:00',5,'2021-12-14','15:00:00',70,1254,'Montpellier','Paris'),(26,1,'2021-12-15','11:00:00',5,'2021-12-15','15:00:00',70,1254,'Montpellier','Paris'),(27,1,'2021-12-16','11:00:00',5,'2021-12-16','15:00:00',70,1254,'Montpellier','Paris'),(28,1,'2021-12-17','11:00:00',5,'2021-12-17','15:00:00',70,1254,'Montpellier','Paris'),(29,5,'2021-12-04','16:00:00',1,'2021-12-04','21:00:00',70,1254,'Paris','Montpellier'),(30,5,'2021-12-05','16:00:00',1,'2021-12-05','21:00:00',70,1254,'Paris','Montpellier'),(31,5,'2021-12-06','16:00:00',1,'2021-12-06','21:00:00',70,1254,'Paris','Montpellier'),(32,5,'2021-12-07','16:00:00',1,'2021-12-07','21:00:00',70,1254,'Paris','Montpellier'),(33,5,'2021-12-08','16:00:00',1,'2021-12-08','21:00:00',70,1254,'Paris','Montpellier'),(34,5,'2021-12-09','16:00:00',1,'2021-12-09','21:00:00',70,1254,'Paris','Montpellier'),(35,5,'2021-12-10','16:00:00',1,'2021-12-10','21:00:00',70,1254,'Paris','Montpellier'),(36,5,'2021-12-11','16:00:00',1,'2021-12-11','21:00:00',70,1254,'Paris','Montpellier'),(37,5,'2021-12-12','16:00:00',1,'2021-12-12','21:00:00',70,1254,'Paris','Montpellier'),(38,5,'2021-12-13','16:00:00',1,'2021-12-13','21:00:00',70,1254,'Paris','Montpellier'),(39,5,'2021-12-14','16:00:00',1,'2021-12-14','21:00:00',70,1254,'Paris','Montpellier'),(40,5,'2021-12-15','16:00:00',1,'2021-12-15','21:00:00',70,1254,'Paris','Montpellier'),(41,5,'2021-12-16','16:00:00',1,'2021-12-16','21:00:00',70,1254,'Paris','Montpellier'),(42,5,'2021-12-17','16:00:00',1,'2021-12-17','21:00:00',70,1254,'Paris','Montpellier'),(43,5,'2021-12-04','08:30:00',1,'2021-12-04','12:30:00',70,1452,'Paris','Montpellier'),(44,5,'2021-12-05','08:30:00',1,'2021-12-05','12:30:00',70,1452,'Paris','Montpellier'),(45,5,'2021-12-06','08:30:00',1,'2021-12-06','12:30:00',70,1452,'Paris','Montpellier'),(46,5,'2021-12-07','08:30:00',1,'2021-12-07','12:30:00',70,1452,'Paris','Montpellier'),(47,5,'2021-12-08','08:30:00',1,'2021-12-08','12:30:00',70,1452,'Paris','Montpellier'),(48,5,'2021-12-09','08:30:00',1,'2021-12-09','12:30:00',70,1452,'Paris','Montpellier'),(49,5,'2021-12-10','08:30:00',1,'2021-12-10','12:30:00',70,1452,'Paris','Montpellier'),(50,5,'2021-12-11','08:30:00',1,'2021-12-11','12:30:00',70,1452,'Paris','Montpellier'),(51,5,'2021-12-12','08:30:00',1,'2021-12-12','12:30:00',70,1452,'Paris','Montpellier'),(52,5,'2021-12-13','08:30:00',1,'2021-12-13','12:30:00',70,1452,'Paris','Montpellier'),(53,5,'2021-12-14','08:30:00',1,'2021-12-14','12:30:00',70,1452,'Paris','Montpellier'),(54,5,'2021-12-15','08:30:00',1,'2021-12-15','12:30:00',70,1452,'Paris','Montpellier'),(55,5,'2021-12-16','08:30:00',1,'2021-12-16','12:30:00',70,1452,'Paris','Montpellier'),(56,5,'2021-12-17','08:30:00',1,'2021-12-17','12:30:00',70,1452,'Paris','Montpellier'),(57,1,'2021-12-04','13:00:00',5,'2021-12-04','17:00:00',70,1452,'Montpellier','Paris'),(58,1,'2021-12-05','13:00:00',5,'2021-12-05','17:00:00',70,1452,'Montpellier','Paris'),(59,1,'2021-12-06','13:00:00',5,'2021-12-06','17:00:00',70,1452,'Montpellier','Paris'),(60,1,'2021-12-07','13:00:00',5,'2021-12-07','17:00:00',70,1452,'Montpellier','Paris'),(61,1,'2021-12-08','13:00:00',5,'2021-12-08','17:00:00',70,1452,'Montpellier','Paris'),(62,1,'2021-12-09','13:00:00',5,'2021-12-09','17:00:00',70,1452,'Montpellier','Paris'),(63,1,'2021-12-10','13:00:00',5,'2021-12-10','17:00:00',70,1452,'Montpellier','Paris'),(64,1,'2021-12-11','13:00:00',5,'2021-12-11','17:00:00',70,1452,'Montpellier','Paris'),(65,1,'2021-12-12','13:00:00',5,'2021-12-12','17:00:00',70,1452,'Montpellier','Paris'),(66,1,'2021-12-13','13:00:00',5,'2021-12-13','17:00:00',70,1452,'Montpellier','Paris'),(67,1,'2021-12-14','13:00:00',5,'2021-12-14','17:00:00',70,1452,'Montpellier','Paris'),(68,1,'2021-12-15','13:00:00',5,'2021-12-15','17:00:00',70,1452,'Montpellier','Paris'),(69,1,'2021-12-16','13:00:00',5,'2021-12-16','17:00:00',70,1452,'Montpellier','Paris'),(70,1,'2021-12-17','13:00:00',5,'2021-12-17','17:00:00',70,1452,'Montpellier','Paris'),(71,5,'2021-12-04','17:30:00',1,'2021-12-04','21:30:00',70,1452,'Paris','Montpellier'),(72,5,'2021-12-05','17:30:00',1,'2021-12-05','21:30:00',70,1452,'Paris','Montpellier'),(73,5,'2021-12-06','17:30:00',1,'2021-12-06','21:30:00',70,1452,'Paris','Montpellier'),(74,5,'2021-12-07','17:30:00',1,'2021-12-07','21:30:00',70,1452,'Paris','Montpellier'),(75,5,'2021-12-08','17:30:00',1,'2021-12-08','21:30:00',70,1452,'Paris','Montpellier'),(76,5,'2021-12-09','17:30:00',1,'2021-12-09','21:30:00',70,1452,'Paris','Montpellier'),(77,5,'2021-12-10','17:30:00',1,'2021-12-10','21:30:00',70,1452,'Paris','Montpellier'),(78,5,'2021-12-11','17:30:00',1,'2021-12-11','21:30:00',70,1452,'Paris','Montpellier'),(79,5,'2021-12-12','17:30:00',1,'2021-12-12','21:30:00',70,1452,'Paris','Montpellier'),(80,5,'2021-12-13','17:30:00',1,'2021-12-13','21:30:00',70,1452,'Paris','Montpellier'),(81,5,'2021-12-14','17:30:00',1,'2021-12-14','21:30:00',70,1452,'Paris','Montpellier'),(82,5,'2021-12-15','17:30:00',1,'2021-12-15','21:30:00',70,1452,'Paris','Montpellier'),(83,5,'2021-12-16','17:30:00',1,'2021-12-16','21:30:00',70,1452,'Paris','Montpellier'),(84,5,'2021-12-17','17:30:00',1,'2021-12-17','21:30:00',70,1452,'Paris','Montpellier'),(85,1,'2021-12-04','21:30:00',5,'2021-12-05','01:00:00',70,1452,'Montpellier','Paris'),(86,1,'2021-12-05','21:30:00',5,'2021-12-06','01:00:00',70,1452,'Montpellier','Paris'),(87,1,'2021-12-06','21:30:00',5,'2021-12-07','01:00:00',70,1452,'Montpellier','Paris'),(88,1,'2021-12-07','21:30:00',5,'2021-12-08','01:00:00',70,1452,'Montpellier','Paris'),(89,1,'2021-12-08','21:30:00',5,'2021-12-09','01:00:00',70,1452,'Montpellier','Paris'),(90,1,'2021-12-09','21:30:00',5,'2021-12-10','01:00:00',70,1452,'Montpellier','Paris'),(91,1,'2021-12-10','21:30:00',5,'2021-12-11','01:00:00',70,1452,'Montpellier','Paris'),(92,1,'2021-12-11','21:30:00',5,'2021-12-12','01:00:00',70,1452,'Montpellier','Paris'),(93,1,'2021-12-12','21:30:00',5,'2021-12-13','01:00:00',70,1452,'Montpellier','Paris'),(94,1,'2021-12-13','21:30:00',5,'2021-12-14','01:00:00',70,1452,'Montpellier','Paris'),(95,1,'2021-12-14','21:30:00',5,'2021-12-15','01:00:00',70,1452,'Montpellier','Paris'),(96,1,'2021-12-15','21:30:00',5,'2021-12-16','01:00:00',70,1452,'Montpellier','Paris'),(97,1,'2021-12-16','21:30:00',5,'2021-12-17','01:00:00',70,1452,'Montpellier','Paris'),(98,1,'2021-12-17','21:30:00',5,'2021-12-18','01:00:00',70,1452,'Montpellier','Paris'),(99,1,'2021-12-04','21:30:00',5,'2021-12-05','01:00:00',70,1254,'Montpellier','Paris'),(100,1,'2021-12-05','21:30:00',5,'2021-12-06','01:00:00',70,1254,'Montpellier','Paris'),(101,1,'2021-12-06','21:30:00',5,'2021-12-07','01:00:00',70,1254,'Montpellier','Paris'),(102,1,'2021-12-07','21:30:00',5,'2021-12-08','01:00:00',70,1254,'Montpellier','Paris'),(103,1,'2021-12-08','21:30:00',5,'2021-12-09','01:00:00',70,1254,'Montpellier','Paris'),(104,1,'2021-12-09','21:30:00',5,'2021-12-10','01:00:00',70,1254,'Montpellier','Paris'),(105,1,'2021-12-10','21:30:00',5,'2021-12-11','01:00:00',70,1254,'Montpellier','Paris'),(106,1,'2021-12-11','21:30:00',5,'2021-12-12','01:00:00',70,1254,'Montpellier','Paris'),(107,1,'2021-12-12','21:30:00',5,'2021-12-13','01:00:00',70,1254,'Montpellier','Paris'),(108,1,'2021-12-13','21:30:00',5,'2021-12-14','01:00:00',70,1254,'Montpellier','Paris'),(109,1,'2021-12-14','21:30:00',5,'2021-12-15','01:00:00',70,1254,'Montpellier','Paris'),(110,1,'2021-12-15','21:30:00',5,'2021-12-16','01:00:00',70,1254,'Montpellier','Paris'),(111,1,'2021-12-16','21:30:00',5,'2021-12-17','01:00:00',70,1254,'Montpellier','Paris'),(112,1,'2021-12-17','21:30:00',5,'2021-12-18','01:00:00',70,1254,'Montpellier','Paris'),(113,2,'2021-12-04','06:30:00',5,'2021-12-04','10:00:00',65,1478,'Montpellier','Paris'),(114,2,'2021-12-05','06:30:00',5,'2021-12-05','10:00:00',65,1478,'Montpellier','Paris'),(115,2,'2021-12-06','06:30:00',5,'2021-12-06','10:00:00',65,1478,'Montpellier','Paris'),(116,2,'2021-12-07','06:30:00',5,'2021-12-07','10:00:00',65,1478,'Montpellier','Paris'),(117,2,'2021-12-08','06:30:00',5,'2021-12-08','10:00:00',65,1478,'Montpellier','Paris'),(118,2,'2021-12-09','06:30:00',5,'2021-12-09','10:00:00',65,1478,'Montpellier','Paris'),(119,2,'2021-12-10','06:30:00',5,'2021-12-10','10:00:00',65,1478,'Montpellier','Paris'),(120,2,'2021-12-11','06:30:00',5,'2021-12-11','10:00:00',65,1478,'Montpellier','Paris'),(121,2,'2021-12-12','06:30:00',5,'2021-12-12','10:00:00',65,1478,'Montpellier','Paris'),(122,2,'2021-12-13','06:30:00',5,'2021-12-13','10:00:00',65,1478,'Montpellier','Paris'),(123,2,'2021-12-14','06:30:00',5,'2021-12-14','10:00:00',65,1478,'Montpellier','Paris'),(124,2,'2021-12-15','06:30:00',5,'2021-12-15','10:00:00',65,1478,'Montpellier','Paris'),(125,2,'2021-12-16','06:30:00',5,'2021-12-16','10:00:00',65,1478,'Montpellier','Paris'),(126,2,'2021-12-17','06:30:00',5,'2021-12-17','10:00:00',65,1478,'Montpellier','Paris'),(127,5,'2021-12-04','10:30:00',2,'2021-12-04','14:00:00',65,1478,'Paris','Montpellier'),(128,5,'2021-12-05','10:30:00',2,'2021-12-05','14:00:00',65,1478,'Paris','Montpellier'),(129,5,'2021-12-06','10:30:00',2,'2021-12-06','14:00:00',65,1478,'Paris','Montpellier'),(130,5,'2021-12-07','10:30:00',2,'2021-12-07','14:00:00',65,1478,'Paris','Montpellier'),(131,5,'2021-12-08','10:30:00',2,'2021-12-08','14:00:00',65,1478,'Paris','Montpellier'),(132,5,'2021-12-09','10:30:00',2,'2021-12-09','14:00:00',65,1478,'Paris','Montpellier'),(133,5,'2021-12-10','10:30:00',2,'2021-12-10','14:00:00',65,1478,'Paris','Montpellier'),(134,5,'2021-12-11','10:30:00',2,'2021-12-11','14:00:00',65,1478,'Paris','Montpellier'),(135,5,'2021-12-12','10:30:00',2,'2021-12-12','14:00:00',65,1478,'Paris','Montpellier'),(136,5,'2021-12-13','10:30:00',2,'2021-12-13','14:00:00',65,1478,'Paris','Montpellier'),(137,5,'2021-12-14','10:30:00',2,'2021-12-14','14:00:00',65,1478,'Paris','Montpellier'),(138,5,'2021-12-15','10:30:00',2,'2021-12-15','14:00:00',65,1478,'Paris','Montpellier'),(139,5,'2021-12-16','10:30:00',2,'2021-12-16','14:00:00',65,1478,'Paris','Montpellier'),(140,5,'2021-12-17','10:30:00',2,'2021-12-17','14:00:00',65,1478,'Paris','Montpellier'),(141,2,'2021-12-04','14:30:00',5,'2021-12-04','18:00:00',65,1478,'Montpellier','Paris'),(142,2,'2021-12-05','14:30:00',5,'2021-12-05','18:00:00',65,1478,'Montpellier','Paris'),(143,2,'2021-12-06','14:30:00',5,'2021-12-06','18:00:00',65,1478,'Montpellier','Paris'),(144,2,'2021-12-07','14:30:00',5,'2021-12-07','18:00:00',65,1478,'Montpellier','Paris'),(145,2,'2021-12-08','14:30:00',5,'2021-12-08','18:00:00',65,1478,'Montpellier','Paris'),(146,2,'2021-12-09','14:30:00',5,'2021-12-09','18:00:00',65,1478,'Montpellier','Paris'),(147,2,'2021-12-10','14:30:00',5,'2021-12-10','18:00:00',65,1478,'Montpellier','Paris'),(148,2,'2021-12-11','14:30:00',5,'2021-12-11','18:00:00',65,1478,'Montpellier','Paris'),(149,2,'2021-12-12','14:30:00',5,'2021-12-12','18:00:00',65,1478,'Montpellier','Paris'),(150,2,'2021-12-13','14:30:00',5,'2021-12-13','18:00:00',65,1478,'Montpellier','Paris'),(151,2,'2021-12-14','14:30:00',5,'2021-12-14','18:00:00',65,1478,'Montpellier','Paris'),(152,2,'2021-12-15','14:30:00',5,'2021-12-15','18:00:00',65,1478,'Montpellier','Paris'),(153,2,'2021-12-16','14:30:00',5,'2021-12-16','18:00:00',65,1478,'Montpellier','Paris'),(154,2,'2021-12-17','14:30:00',5,'2021-12-17','18:00:00',65,1478,'Montpellier','Paris'),(155,5,'2021-12-04','18:30:00',2,'2021-12-04','22:00:00',65,1478,'Paris','Montpellier'),(156,5,'2021-12-05','18:30:00',2,'2021-12-05','22:00:00',65,1478,'Paris','Montpellier'),(157,5,'2021-12-06','18:30:00',2,'2021-12-06','22:00:00',65,1478,'Paris','Montpellier'),(158,5,'2021-12-07','18:30:00',2,'2021-12-07','22:00:00',65,1478,'Paris','Montpellier'),(159,5,'2021-12-08','18:30:00',2,'2021-12-08','22:00:00',65,1478,'Paris','Montpellier'),(160,5,'2021-12-09','18:30:00',2,'2021-12-09','22:00:00',65,1478,'Paris','Montpellier'),(161,5,'2021-12-10','18:30:00',2,'2021-12-10','22:00:00',65,1478,'Paris','Montpellier'),(162,5,'2021-12-11','18:30:00',2,'2021-12-11','22:00:00',65,1478,'Paris','Montpellier'),(163,5,'2021-12-12','18:30:00',2,'2021-12-12','22:00:00',65,1478,'Paris','Montpellier'),(164,5,'2021-12-13','18:30:00',2,'2021-12-13','22:00:00',65,1478,'Paris','Montpellier'),(165,5,'2021-12-14','18:30:00',2,'2021-12-14','22:00:00',65,1478,'Paris','Montpellier'),(166,5,'2021-12-15','18:30:00',2,'2021-12-15','22:00:00',65,1478,'Paris','Montpellier'),(167,5,'2021-12-16','18:30:00',2,'2021-12-16','22:00:00',65,1478,'Paris','Montpellier'),(168,5,'2021-12-17','18:30:00',2,'2021-12-17','22:00:00',65,1478,'Paris','Montpellier'),(183,2,'2021-12-04','07:30:00',5,'2021-12-04','11:00:00',65,1567,'Montpellier','Paris'),(184,2,'2021-12-05','07:30:00',5,'2021-12-05','11:00:00',65,1567,'Montpellier','Paris'),(185,2,'2021-12-06','07:30:00',5,'2021-12-06','11:00:00',65,1567,'Montpellier','Paris'),(186,2,'2021-12-07','07:30:00',5,'2021-12-07','11:00:00',65,1567,'Montpellier','Paris'),(187,2,'2021-12-08','07:30:00',5,'2021-12-08','11:00:00',65,1567,'Montpellier','Paris'),(188,2,'2021-12-09','07:30:00',5,'2021-12-09','11:00:00',65,1567,'Montpellier','Paris'),(189,2,'2021-12-10','07:30:00',5,'2021-12-10','11:00:00',65,1567,'Montpellier','Paris'),(190,2,'2021-12-11','07:30:00',5,'2021-12-11','11:00:00',65,1567,'Montpellier','Paris'),(191,2,'2021-12-12','07:30:00',5,'2021-12-12','11:00:00',65,1567,'Montpellier','Paris'),(192,2,'2021-12-13','07:30:00',5,'2021-12-13','11:00:00',65,1567,'Montpellier','Paris'),(193,2,'2021-12-14','07:30:00',5,'2021-12-14','11:00:00',65,1567,'Montpellier','Paris'),(194,2,'2021-12-15','07:30:00',5,'2021-12-15','11:00:00',65,1567,'Montpellier','Paris'),(195,2,'2021-12-16','07:30:00',5,'2021-12-16','11:00:00',65,1567,'Montpellier','Paris'),(196,2,'2021-12-17','07:30:00',5,'2021-12-17','11:00:00',65,1567,'Montpellier','Paris'),(197,5,'2021-12-04','11:30:00',2,'2021-12-04','15:00:00',65,1567,'Paris','Montpellier'),(198,5,'2021-12-05','11:30:00',2,'2021-12-05','15:00:00',65,1567,'Paris','Montpellier'),(199,5,'2021-12-06','11:30:00',2,'2021-12-06','15:00:00',65,1567,'Paris','Montpellier'),(200,5,'2021-12-07','11:30:00',2,'2021-12-07','15:00:00',65,1567,'Paris','Montpellier'),(201,5,'2021-12-08','11:30:00',2,'2021-12-08','15:00:00',65,1567,'Paris','Montpellier'),(202,5,'2021-12-09','11:30:00',2,'2021-12-09','15:00:00',65,1567,'Paris','Montpellier'),(203,5,'2021-12-10','11:30:00',2,'2021-12-10','15:00:00',65,1567,'Paris','Montpellier'),(204,5,'2021-12-11','11:30:00',2,'2021-12-11','15:00:00',65,1567,'Paris','Montpellier'),(205,5,'2021-12-12','11:30:00',2,'2021-12-12','15:00:00',65,1567,'Paris','Montpellier'),(206,5,'2021-12-13','11:30:00',2,'2021-12-13','15:00:00',65,1567,'Paris','Montpellier'),(207,5,'2021-12-14','11:30:00',2,'2021-12-14','15:00:00',65,1567,'Paris','Montpellier'),(208,5,'2021-12-15','11:30:00',2,'2021-12-15','15:00:00',65,1567,'Paris','Montpellier'),(209,5,'2021-12-16','11:30:00',2,'2021-12-16','15:00:00',65,1567,'Paris','Montpellier'),(210,5,'2021-12-17','11:30:00',2,'2021-12-17','15:00:00',65,1567,'Paris','Montpellier'),(211,2,'2021-12-04','15:30:00',5,'2021-12-04','19:00:00',65,1567,'Montpellier','Paris'),(212,2,'2021-12-05','15:30:00',5,'2021-12-05','19:00:00',65,1567,'Montpellier','Paris'),(213,2,'2021-12-06','15:30:00',5,'2021-12-06','19:00:00',65,1567,'Montpellier','Paris'),(214,2,'2021-12-07','15:30:00',5,'2021-12-07','19:00:00',65,1567,'Montpellier','Paris'),(215,2,'2021-12-08','15:30:00',5,'2021-12-08','19:00:00',65,1567,'Montpellier','Paris'),(216,2,'2021-12-09','15:30:00',5,'2021-12-09','19:00:00',65,1567,'Montpellier','Paris'),(217,2,'2021-12-10','15:30:00',5,'2021-12-10','19:00:00',65,1567,'Montpellier','Paris'),(218,2,'2021-12-11','15:30:00',5,'2021-12-11','19:00:00',65,1567,'Montpellier','Paris'),(219,2,'2021-12-12','15:30:00',5,'2021-12-12','19:00:00',65,1567,'Montpellier','Paris'),(220,2,'2021-12-13','15:30:00',5,'2021-12-13','19:00:00',65,1567,'Montpellier','Paris'),(221,2,'2021-12-14','15:30:00',5,'2021-12-14','19:00:00',65,1567,'Montpellier','Paris'),(222,2,'2021-12-15','15:30:00',5,'2021-12-15','19:00:00',65,1567,'Montpellier','Paris'),(223,2,'2021-12-16','15:30:00',5,'2021-12-16','19:00:00',65,1567,'Montpellier','Paris'),(224,2,'2021-12-17','15:30:00',5,'2021-12-17','19:00:00',65,1567,'Montpellier','Paris'),(225,5,'2021-12-04','19:30:00',2,'2021-12-04','23:00:00',65,1567,'Paris','Montpellier'),(226,5,'2021-12-05','19:30:00',2,'2021-12-05','23:00:00',65,1567,'Paris','Montpellier'),(227,5,'2021-12-06','19:30:00',2,'2021-12-06','23:00:00',65,1567,'Paris','Montpellier'),(228,5,'2021-12-07','19:30:00',2,'2021-12-07','23:00:00',65,1567,'Paris','Montpellier'),(229,5,'2021-12-08','19:30:00',2,'2021-12-08','23:00:00',65,1567,'Paris','Montpellier'),(230,5,'2021-12-09','19:30:00',2,'2021-12-09','23:00:00',65,1567,'Paris','Montpellier'),(231,5,'2021-12-10','19:30:00',2,'2021-12-10','23:00:00',65,1567,'Paris','Montpellier'),(232,5,'2021-12-11','19:30:00',2,'2021-12-11','23:00:00',65,1567,'Paris','Montpellier'),(233,5,'2021-12-12','19:30:00',2,'2021-12-12','23:00:00',65,1567,'Paris','Montpellier'),(234,5,'2021-12-13','19:30:00',2,'2021-12-13','23:00:00',65,1567,'Paris','Montpellier'),(235,5,'2021-12-14','19:30:00',2,'2021-12-14','23:00:00',65,1567,'Paris','Montpellier'),(236,5,'2021-12-15','19:30:00',2,'2021-12-15','23:00:00',65,1567,'Paris','Montpellier'),(237,5,'2021-12-16','19:30:00',2,'2021-12-16','23:00:00',65,1567,'Paris','Montpellier'),(238,5,'2021-12-17','19:30:00',2,'2021-12-17','23:00:00',65,1567,'Paris','Montpellier'),(239,6,'2021-12-04','07:00:00',9,'2021-12-04','09:00:00',40,1748,'Marseille','Lyon'),(240,6,'2021-12-05','07:00:00',9,'2021-12-05','09:00:00',40,1748,'Marseille','Lyon'),(241,6,'2021-12-06','07:00:00',9,'2021-12-06','09:00:00',40,1748,'Marseille','Lyon'),(242,6,'2021-12-07','07:00:00',9,'2021-12-07','09:00:00',40,1748,'Marseille','Lyon'),(243,6,'2021-12-08','07:00:00',9,'2021-12-08','09:00:00',40,1748,'Marseille','Lyon'),(244,6,'2021-12-09','07:00:00',9,'2021-12-09','09:00:00',40,1748,'Marseille','Lyon'),(245,6,'2021-12-10','07:00:00',9,'2021-12-10','09:00:00',40,1748,'Marseille','Lyon'),(246,6,'2021-12-11','07:00:00',9,'2021-12-11','09:00:00',40,1748,'Marseille','Lyon'),(247,6,'2021-12-12','07:00:00',9,'2021-12-12','09:00:00',40,1748,'Marseille','Lyon'),(248,6,'2021-12-13','07:00:00',9,'2021-12-13','09:00:00',40,1748,'Marseille','Lyon'),(249,6,'2021-12-14','07:00:00',9,'2021-12-14','09:00:00',40,1748,'Marseille','Lyon'),(250,6,'2021-12-15','07:00:00',9,'2021-12-15','09:00:00',40,1748,'Marseille','Lyon'),(251,6,'2021-12-16','07:00:00',9,'2021-12-16','09:00:00',40,1748,'Marseille','Lyon'),(252,6,'2021-12-17','07:00:00',9,'2021-12-17','09:00:00',40,1748,'Marseille','Lyon'),(253,9,'2021-12-04','09:30:00',6,'2021-12-04','11:30:00',40,1748,'Lyon','Marseille'),(254,9,'2021-12-05','09:30:00',6,'2021-12-05','11:30:00',40,1748,'Lyon','Marseille'),(255,9,'2021-12-06','09:30:00',6,'2021-12-06','11:30:00',40,1748,'Lyon','Marseille'),(256,9,'2021-12-07','09:30:00',6,'2021-12-07','11:30:00',40,1748,'Lyon','Marseille'),(257,9,'2021-12-08','09:30:00',6,'2021-12-08','11:30:00',40,1748,'Lyon','Marseille'),(258,9,'2021-12-09','09:30:00',6,'2021-12-09','11:30:00',40,1748,'Lyon','Marseille'),(259,9,'2021-12-10','09:30:00',6,'2021-12-10','11:30:00',40,1748,'Lyon','Marseille'),(260,9,'2021-12-11','09:30:00',6,'2021-12-11','11:30:00',40,1748,'Lyon','Marseille'),(261,9,'2021-12-12','09:30:00',6,'2021-12-12','11:30:00',40,1748,'Lyon','Marseille'),(262,9,'2021-12-13','09:30:00',6,'2021-12-13','11:30:00',40,1748,'Lyon','Marseille'),(263,9,'2021-12-14','09:30:00',6,'2021-12-14','11:30:00',40,1748,'Lyon','Marseille'),(264,9,'2021-12-15','09:30:00',6,'2021-12-15','11:30:00',40,1748,'Lyon','Marseille'),(265,9,'2021-12-16','09:30:00',6,'2021-12-16','11:30:00',40,1748,'Lyon','Marseille'),(266,9,'2021-12-17','09:30:00',6,'2021-12-17','11:30:00',40,1748,'Lyon','Marseille'),(267,6,'2021-12-04','12:00:00',9,'2021-12-04','14:00:00',40,1748,'Marseille','Lyon'),(268,6,'2021-12-05','12:00:00',9,'2021-12-05','14:00:00',40,1748,'Marseille','Lyon'),(269,6,'2021-12-06','12:00:00',9,'2021-12-06','14:00:00',40,1748,'Marseille','Lyon'),(270,6,'2021-12-07','12:00:00',9,'2021-12-07','14:00:00',40,1748,'Marseille','Lyon'),(271,6,'2021-12-08','12:00:00',9,'2021-12-08','14:00:00',40,1748,'Marseille','Lyon'),(272,6,'2021-12-09','12:00:00',9,'2021-12-09','14:00:00',40,1748,'Marseille','Lyon'),(273,6,'2021-12-10','12:00:00',9,'2021-12-10','14:00:00',40,1748,'Marseille','Lyon'),(274,6,'2021-12-11','12:00:00',9,'2021-12-11','14:00:00',40,1748,'Marseille','Lyon'),(275,6,'2021-12-12','12:00:00',9,'2021-12-12','14:00:00',40,1748,'Marseille','Lyon'),(276,6,'2021-12-13','12:00:00',9,'2021-12-13','14:00:00',40,1748,'Marseille','Lyon'),(277,6,'2021-12-14','12:00:00',9,'2021-12-14','14:00:00',40,1748,'Marseille','Lyon'),(278,6,'2021-12-15','12:00:00',9,'2021-12-15','14:00:00',40,1748,'Marseille','Lyon'),(279,6,'2021-12-16','12:00:00',9,'2021-12-16','14:00:00',40,1748,'Marseille','Lyon'),(280,6,'2021-12-17','12:00:00',9,'2021-12-17','14:00:00',40,1748,'Marseille','Lyon'),(281,9,'2021-12-04','14:30:00',6,'2021-12-04','16:30:00',40,1748,'Lyon','Marseille'),(282,9,'2021-12-05','14:30:00',6,'2021-12-05','16:30:00',40,1748,'Lyon','Marseille'),(283,9,'2021-12-06','14:30:00',6,'2021-12-06','16:30:00',40,1748,'Lyon','Marseille'),(284,9,'2021-12-07','14:30:00',6,'2021-12-07','16:30:00',40,1748,'Lyon','Marseille'),(285,9,'2021-12-08','14:30:00',6,'2021-12-08','16:30:00',40,1748,'Lyon','Marseille'),(286,9,'2021-12-09','14:30:00',6,'2021-12-09','16:30:00',40,1748,'Lyon','Marseille'),(287,9,'2021-12-10','14:30:00',6,'2021-12-10','16:30:00',40,1748,'Lyon','Marseille'),(288,9,'2021-12-11','14:30:00',6,'2021-12-11','16:30:00',40,1748,'Lyon','Marseille'),(289,9,'2021-12-12','14:30:00',6,'2021-12-12','16:30:00',40,1748,'Lyon','Marseille'),(290,9,'2021-12-13','14:30:00',6,'2021-12-13','16:30:00',40,1748,'Lyon','Marseille'),(291,9,'2021-12-14','14:30:00',6,'2021-12-14','16:30:00',40,1748,'Lyon','Marseille'),(292,9,'2021-12-15','14:30:00',6,'2021-12-15','16:30:00',40,1748,'Lyon','Marseille'),(293,9,'2021-12-16','14:30:00',6,'2021-12-16','16:30:00',40,1748,'Lyon','Marseille'),(294,9,'2021-12-17','14:30:00',6,'2021-12-17','16:30:00',40,1748,'Lyon','Marseille'),(295,6,'2021-12-04','17:00:00',9,'2021-12-04','19:00:00',40,1748,'Marseille','Lyon'),(296,6,'2021-12-05','17:00:00',9,'2021-12-05','19:00:00',40,1748,'Marseille','Lyon'),(297,6,'2021-12-06','17:00:00',9,'2021-12-06','19:00:00',40,1748,'Marseille','Lyon'),(298,6,'2021-12-07','17:00:00',9,'2021-12-07','19:00:00',40,1748,'Marseille','Lyon'),(299,6,'2021-12-08','17:00:00',9,'2021-12-08','19:00:00',40,1748,'Marseille','Lyon'),(300,6,'2021-12-09','17:00:00',9,'2021-12-09','19:00:00',40,1748,'Marseille','Lyon'),(301,6,'2021-12-10','17:00:00',9,'2021-12-10','19:00:00',40,1748,'Marseille','Lyon'),(302,6,'2021-12-11','17:00:00',9,'2021-12-11','19:00:00',40,1748,'Marseille','Lyon'),(303,6,'2021-12-12','17:00:00',9,'2021-12-12','19:00:00',40,1748,'Marseille','Lyon'),(304,6,'2021-12-13','17:00:00',9,'2021-12-13','19:00:00',40,1748,'Marseille','Lyon'),(305,6,'2021-12-14','17:00:00',9,'2021-12-14','19:00:00',40,1748,'Marseille','Lyon'),(306,6,'2021-12-15','17:00:00',9,'2021-12-15','19:00:00',40,1748,'Marseille','Lyon'),(307,6,'2021-12-16','17:00:00',9,'2021-12-16','19:00:00',40,1748,'Marseille','Lyon'),(308,6,'2021-12-17','17:00:00',9,'2021-12-17','19:00:00',40,1748,'Marseille','Lyon'),(309,6,'2021-12-04','19:30:00',9,'2021-12-04','21:30:00',40,1748,'Marseille','Lyon'),(310,6,'2021-12-05','19:30:00',9,'2021-12-05','21:30:00',40,1748,'Marseille','Lyon'),(311,6,'2021-12-06','19:30:00',9,'2021-12-06','21:30:00',40,1748,'Marseille','Lyon'),(312,6,'2021-12-07','19:30:00',9,'2021-12-07','21:30:00',40,1748,'Marseille','Lyon'),(313,6,'2021-12-08','19:30:00',9,'2021-12-08','21:30:00',40,1748,'Marseille','Lyon'),(314,6,'2021-12-09','19:30:00',9,'2021-12-09','21:30:00',40,1748,'Marseille','Lyon'),(315,6,'2021-12-10','19:30:00',9,'2021-12-10','21:30:00',40,1748,'Marseille','Lyon'),(316,6,'2021-12-11','19:30:00',9,'2021-12-11','21:30:00',40,1748,'Marseille','Lyon'),(317,6,'2021-12-12','19:30:00',9,'2021-12-12','21:30:00',40,1748,'Marseille','Lyon'),(318,6,'2021-12-13','19:30:00',9,'2021-12-13','21:30:00',40,1748,'Marseille','Lyon'),(319,6,'2021-12-14','19:30:00',9,'2021-12-14','21:30:00',40,1748,'Marseille','Lyon'),(320,6,'2021-12-15','19:30:00',9,'2021-12-15','21:30:00',40,1748,'Marseille','Lyon'),(321,6,'2021-12-16','19:30:00',9,'2021-12-16','21:30:00',40,1748,'Marseille','Lyon'),(322,6,'2021-12-17','19:30:00',9,'2021-12-17','21:30:00',40,1748,'Marseille','Lyon'),(323,6,'2021-12-04','07:30:00',9,'2021-12-04','09:30:00',40,2647,'Marseille','Lyon'),(324,6,'2021-12-05','07:30:00',9,'2021-12-05','09:30:00',40,2647,'Marseille','Lyon'),(325,6,'2021-12-06','07:30:00',9,'2021-12-06','09:30:00',40,2647,'Marseille','Lyon'),(326,6,'2021-12-07','07:30:00',9,'2021-12-07','09:30:00',40,2647,'Marseille','Lyon'),(327,6,'2021-12-08','07:30:00',9,'2021-12-08','09:30:00',40,2647,'Marseille','Lyon'),(328,6,'2021-12-09','07:30:00',9,'2021-12-09','09:30:00',40,2647,'Marseille','Lyon'),(329,6,'2021-12-10','07:30:00',9,'2021-12-10','09:30:00',40,2647,'Marseille','Lyon'),(330,6,'2021-12-11','07:30:00',9,'2021-12-11','09:30:00',40,2647,'Marseille','Lyon'),(331,6,'2021-12-12','07:30:00',9,'2021-12-12','09:30:00',40,2647,'Marseille','Lyon'),(332,6,'2021-12-13','07:30:00',9,'2021-12-13','09:30:00',40,2647,'Marseille','Lyon'),(333,6,'2021-12-14','07:30:00',9,'2021-12-14','09:30:00',40,2647,'Marseille','Lyon'),(334,6,'2021-12-15','07:30:00',9,'2021-12-15','09:30:00',40,2647,'Marseille','Lyon'),(335,6,'2021-12-16','07:30:00',9,'2021-12-16','09:30:00',40,2647,'Marseille','Lyon'),(336,6,'2021-12-17','07:30:00',9,'2021-12-17','09:30:00',40,2647,'Marseille','Lyon'),(337,9,'2021-12-04','10:00:00',6,'2021-12-04','12:00:00',40,2647,'Lyon','Marseille'),(338,9,'2021-12-05','10:00:00',6,'2021-12-05','12:00:00',40,2647,'Lyon','Marseille'),(339,9,'2021-12-06','10:00:00',6,'2021-12-06','12:00:00',40,2647,'Lyon','Marseille'),(340,9,'2021-12-07','10:00:00',6,'2021-12-07','12:00:00',40,2647,'Lyon','Marseille'),(341,9,'2021-12-08','10:00:00',6,'2021-12-08','12:00:00',40,2647,'Lyon','Marseille'),(342,9,'2021-12-09','10:00:00',6,'2021-12-09','12:00:00',40,2647,'Lyon','Marseille'),(343,9,'2021-12-10','10:00:00',6,'2021-12-10','12:00:00',40,2647,'Lyon','Marseille'),(344,9,'2021-12-11','10:00:00',6,'2021-12-11','12:00:00',40,2647,'Lyon','Marseille'),(345,9,'2021-12-12','10:00:00',6,'2021-12-12','12:00:00',40,2647,'Lyon','Marseille'),(346,9,'2021-12-13','10:00:00',6,'2021-12-13','12:00:00',40,2647,'Lyon','Marseille'),(347,9,'2021-12-14','10:00:00',6,'2021-12-14','12:00:00',40,2647,'Lyon','Marseille'),(348,9,'2021-12-15','10:00:00',6,'2021-12-15','12:00:00',40,2647,'Lyon','Marseille'),(349,9,'2021-12-16','10:00:00',6,'2021-12-16','12:00:00',40,2647,'Lyon','Marseille'),(350,9,'2021-12-17','10:00:00',6,'2021-12-17','12:00:00',40,2647,'Lyon','Marseille'),(351,6,'2021-12-04','12:30:00',9,'2021-12-04','14:30:00',40,2647,'Marseille','Lyon'),(352,6,'2021-12-05','12:30:00',9,'2021-12-05','14:30:00',40,2647,'Marseille','Lyon'),(353,6,'2021-12-06','12:30:00',9,'2021-12-06','14:30:00',40,2647,'Marseille','Lyon'),(354,6,'2021-12-07','12:30:00',9,'2021-12-07','14:30:00',40,2647,'Marseille','Lyon'),(355,6,'2021-12-08','12:30:00',9,'2021-12-08','14:30:00',40,2647,'Marseille','Lyon'),(356,6,'2021-12-09','12:30:00',9,'2021-12-09','14:30:00',40,2647,'Marseille','Lyon'),(357,6,'2021-12-10','12:30:00',9,'2021-12-10','14:30:00',40,2647,'Marseille','Lyon'),(358,6,'2021-12-11','12:30:00',9,'2021-12-11','14:30:00',40,2647,'Marseille','Lyon'),(359,6,'2021-12-12','12:30:00',9,'2021-12-12','14:30:00',40,2647,'Marseille','Lyon'),(360,6,'2021-12-13','12:30:00',9,'2021-12-13','14:30:00',40,2647,'Marseille','Lyon'),(361,6,'2021-12-14','12:30:00',9,'2021-12-14','14:30:00',40,2647,'Marseille','Lyon'),(362,6,'2021-12-15','12:30:00',9,'2021-12-15','14:30:00',40,2647,'Marseille','Lyon'),(363,6,'2021-12-16','12:30:00',9,'2021-12-16','14:30:00',40,2647,'Marseille','Lyon'),(364,6,'2021-12-17','12:30:00',9,'2021-12-17','14:30:00',40,2647,'Marseille','Lyon'),(365,9,'2021-12-04','15:00:00',6,'2021-12-04','17:00:00',40,2647,'Lyon','Marseille'),(366,9,'2021-12-05','15:00:00',6,'2021-12-05','17:00:00',40,2647,'Lyon','Marseille'),(367,9,'2021-12-06','15:00:00',6,'2021-12-06','17:00:00',40,2647,'Lyon','Marseille'),(368,9,'2021-12-07','15:00:00',6,'2021-12-07','17:00:00',40,2647,'Lyon','Marseille'),(369,9,'2021-12-08','15:00:00',6,'2021-12-08','17:00:00',40,2647,'Lyon','Marseille'),(370,9,'2021-12-09','15:00:00',6,'2021-12-09','17:00:00',40,2647,'Lyon','Marseille'),(371,9,'2021-12-10','15:00:00',6,'2021-12-10','17:00:00',40,2647,'Lyon','Marseille'),(372,9,'2021-12-11','15:00:00',6,'2021-12-11','17:00:00',40,2647,'Lyon','Marseille'),(373,9,'2021-12-12','15:00:00',6,'2021-12-12','17:00:00',40,2647,'Lyon','Marseille'),(374,9,'2021-12-13','15:00:00',6,'2021-12-13','17:00:00',40,2647,'Lyon','Marseille'),(375,9,'2021-12-14','15:00:00',6,'2021-12-14','17:00:00',40,2647,'Lyon','Marseille'),(376,9,'2021-12-15','15:00:00',6,'2021-12-15','17:00:00',40,2647,'Lyon','Marseille'),(377,9,'2021-12-16','15:00:00',6,'2021-12-16','17:00:00',40,2647,'Lyon','Marseille'),(378,9,'2021-12-17','15:00:00',6,'2021-12-17','17:00:00',40,2647,'Lyon','Marseille'),(379,6,'2021-12-04','17:30:00',9,'2021-12-04','19:30:00',40,2647,'Marseille','Lyon'),(380,6,'2021-12-05','17:30:00',9,'2021-12-05','19:30:00',40,2647,'Marseille','Lyon'),(381,6,'2021-12-06','17:30:00',9,'2021-12-06','19:30:00',40,2647,'Marseille','Lyon'),(382,6,'2021-12-07','17:30:00',9,'2021-12-07','19:30:00',40,2647,'Marseille','Lyon'),(383,6,'2021-12-08','17:30:00',9,'2021-12-08','19:30:00',40,2647,'Marseille','Lyon'),(384,6,'2021-12-09','17:30:00',9,'2021-12-09','19:30:00',40,2647,'Marseille','Lyon'),(385,6,'2021-12-10','17:30:00',9,'2021-12-10','19:30:00',40,2647,'Marseille','Lyon'),(386,6,'2021-12-11','17:30:00',9,'2021-12-11','19:30:00',40,2647,'Marseille','Lyon'),(387,6,'2021-12-12','17:30:00',9,'2021-12-12','19:30:00',40,2647,'Marseille','Lyon'),(388,6,'2021-12-13','17:30:00',9,'2021-12-13','19:30:00',40,2647,'Marseille','Lyon'),(389,6,'2021-12-14','17:30:00',9,'2021-12-14','19:30:00',40,2647,'Marseille','Lyon'),(390,6,'2021-12-15','17:30:00',9,'2021-12-15','19:30:00',40,2647,'Marseille','Lyon'),(391,6,'2021-12-16','17:30:00',9,'2021-12-16','19:30:00',40,2647,'Marseille','Lyon'),(392,6,'2021-12-17','17:30:00',9,'2021-12-17','19:30:00',40,2647,'Marseille','Lyon'),(393,9,'2021-12-04','20:00:00',6,'2021-12-04','22:00:00',40,2647,'Lyon','Marseille'),(394,9,'2021-12-05','20:00:00',6,'2021-12-05','22:00:00',40,2647,'Lyon','Marseille'),(395,9,'2021-12-06','20:00:00',6,'2021-12-06','22:00:00',40,2647,'Lyon','Marseille'),(396,9,'2021-12-07','20:00:00',6,'2021-12-07','22:00:00',40,2647,'Lyon','Marseille'),(397,9,'2021-12-08','20:00:00',6,'2021-12-08','22:00:00',40,2647,'Lyon','Marseille'),(398,9,'2021-12-09','20:00:00',6,'2021-12-09','22:00:00',40,2647,'Lyon','Marseille'),(399,9,'2021-12-10','20:00:00',6,'2021-12-10','22:00:00',40,2647,'Lyon','Marseille'),(400,9,'2021-12-11','20:00:00',6,'2021-12-11','22:00:00',40,2647,'Lyon','Marseille'),(401,9,'2021-12-12','20:00:00',6,'2021-12-12','22:00:00',40,2647,'Lyon','Marseille'),(402,9,'2021-12-13','20:00:00',6,'2021-12-13','22:00:00',40,2647,'Lyon','Marseille'),(403,9,'2021-12-14','20:00:00',6,'2021-12-14','22:00:00',40,2647,'Lyon','Marseille'),(404,9,'2021-12-15','20:00:00',6,'2021-12-15','22:00:00',40,2647,'Lyon','Marseille'),(405,9,'2021-12-16','20:00:00',6,'2021-12-16','22:00:00',40,2647,'Lyon','Marseille'),(406,9,'2021-12-17','20:00:00',6,'2021-12-17','22:00:00',40,2647,'Lyon','Marseille'),(407,1,'2021-12-04','17:00:00',6,'2021-12-04','19:00:00',25,2749,'Montpellier','Marseille'),(408,1,'2021-12-05','17:00:00',6,'2021-12-05','19:00:00',25,2749,'Montpellier','Marseille'),(409,1,'2021-12-06','17:00:00',6,'2021-12-06','19:00:00',25,2749,'Montpellier','Marseille'),(410,1,'2021-12-07','17:00:00',6,'2021-12-07','19:00:00',25,2749,'Montpellier','Marseille'),(411,1,'2021-12-08','17:00:00',6,'2021-12-08','19:00:00',25,2749,'Montpellier','Marseille'),(412,1,'2021-12-09','17:00:00',6,'2021-12-09','19:00:00',25,2749,'Montpellier','Marseille'),(413,1,'2021-12-10','17:00:00',6,'2021-12-10','19:00:00',25,2749,'Montpellier','Marseille'),(414,1,'2021-12-11','17:00:00',6,'2021-12-11','19:00:00',25,2749,'Montpellier','Marseille'),(415,1,'2021-12-12','17:00:00',6,'2021-12-12','19:00:00',25,2749,'Montpellier','Marseille'),(416,1,'2021-12-13','17:00:00',6,'2021-12-13','19:00:00',25,2749,'Montpellier','Marseille'),(417,1,'2021-12-14','17:00:00',6,'2021-12-14','19:00:00',25,2749,'Montpellier','Marseille'),(418,1,'2021-12-15','17:00:00',6,'2021-12-15','19:00:00',25,2749,'Montpellier','Marseille'),(419,1,'2021-12-16','17:00:00',6,'2021-12-16','19:00:00',25,2749,'Montpellier','Marseille'),(420,1,'2021-12-17','17:00:00',6,'2021-12-17','19:00:00',25,2749,'Montpellier','Marseille'),(421,6,'2021-12-04','19:30:00',1,'2021-12-04','21:30:00',25,2749,'Marseille','Montpellier'),(422,6,'2021-12-05','19:30:00',1,'2021-12-05','21:30:00',25,2749,'Marseille','Montpellier'),(423,6,'2021-12-06','19:30:00',1,'2021-12-06','21:30:00',25,2749,'Marseille','Montpellier'),(424,6,'2021-12-07','19:30:00',1,'2021-12-07','21:30:00',25,2749,'Marseille','Montpellier'),(425,6,'2021-12-08','19:30:00',1,'2021-12-08','21:30:00',25,2749,'Marseille','Montpellier'),(426,6,'2021-12-09','19:30:00',1,'2021-12-09','21:30:00',25,2749,'Marseille','Montpellier'),(427,6,'2021-12-10','19:30:00',1,'2021-12-10','21:30:00',25,2749,'Marseille','Montpellier'),(428,6,'2021-12-11','19:30:00',1,'2021-12-11','21:30:00',25,2749,'Marseille','Montpellier'),(429,6,'2021-12-12','19:30:00',1,'2021-12-12','21:30:00',25,2749,'Marseille','Montpellier'),(430,6,'2021-12-13','19:30:00',1,'2021-12-13','21:30:00',25,2749,'Marseille','Montpellier'),(431,6,'2021-12-14','19:30:00',1,'2021-12-14','21:30:00',25,2749,'Marseille','Montpellier'),(432,6,'2021-12-15','19:30:00',1,'2021-12-15','21:30:00',25,2749,'Marseille','Montpellier'),(433,6,'2021-12-16','19:30:00',1,'2021-12-16','21:30:00',25,2749,'Marseille','Montpellier'),(434,6,'2021-12-17','19:30:00',1,'2021-12-17','21:30:00',25,2749,'Marseille','Montpellier'),(435,6,'2021-12-04','17:30:00',1,'2021-12-04','19:30:00',25,3556,'Marseille','Montpellier'),(436,6,'2021-12-05','17:30:00',1,'2021-12-05','19:30:00',25,3556,'Marseille','Montpellier'),(437,6,'2021-12-06','17:30:00',1,'2021-12-06','19:30:00',25,3556,'Marseille','Montpellier'),(438,6,'2021-12-07','17:30:00',1,'2021-12-07','19:30:00',25,3556,'Marseille','Montpellier'),(439,6,'2021-12-08','17:30:00',1,'2021-12-08','19:30:00',25,3556,'Marseille','Montpellier'),(440,6,'2021-12-09','17:30:00',1,'2021-12-09','19:30:00',25,3556,'Marseille','Montpellier'),(441,6,'2021-12-10','17:30:00',1,'2021-12-10','19:30:00',25,3556,'Marseille','Montpellier'),(442,6,'2021-12-11','17:30:00',1,'2021-12-11','19:30:00',25,3556,'Marseille','Montpellier'),(443,6,'2021-12-12','17:30:00',1,'2021-12-12','19:30:00',25,3556,'Marseille','Montpellier'),(444,6,'2021-12-13','17:30:00',1,'2021-12-13','19:30:00',25,3556,'Marseille','Montpellier'),(445,6,'2021-12-14','17:30:00',1,'2021-12-14','19:30:00',25,3556,'Marseille','Montpellier'),(446,6,'2021-12-15','17:30:00',1,'2021-12-15','19:30:00',25,3556,'Marseille','Montpellier'),(447,6,'2021-12-16','17:30:00',1,'2021-12-16','19:30:00',25,3556,'Marseille','Montpellier'),(448,6,'2021-12-17','17:30:00',1,'2021-12-17','19:30:00',25,3556,'Marseille','Montpellier'),(449,1,'2021-12-04','20:00:00',6,'2021-12-04','22:00:00',25,3556,'Montpellier','Marseille'),(450,1,'2021-12-05','20:00:00',6,'2021-12-05','22:00:00',25,3556,'Montpellier','Marseille'),(451,1,'2021-12-06','20:00:00',6,'2021-12-06','22:00:00',25,3556,'Montpellier','Marseille'),(452,1,'2021-12-07','20:00:00',6,'2021-12-07','22:00:00',25,3556,'Montpellier','Marseille'),(453,1,'2021-12-08','20:00:00',6,'2021-12-08','22:00:00',25,3556,'Montpellier','Marseille'),(454,1,'2021-12-09','20:00:00',6,'2021-12-09','22:00:00',25,3556,'Montpellier','Marseille'),(455,1,'2021-12-10','20:00:00',6,'2021-12-10','22:00:00',25,3556,'Montpellier','Marseille'),(456,1,'2021-12-11','20:00:00',6,'2021-12-11','22:00:00',25,3556,'Montpellier','Marseille'),(457,1,'2021-12-12','20:00:00',6,'2021-12-12','22:00:00',25,3556,'Montpellier','Marseille'),(458,1,'2021-12-13','20:00:00',6,'2021-12-13','22:00:00',25,3556,'Montpellier','Marseille'),(459,1,'2021-12-14','20:00:00',6,'2021-12-14','22:00:00',25,3556,'Montpellier','Marseille'),(460,1,'2021-12-15','20:00:00',6,'2021-12-15','22:00:00',25,3556,'Montpellier','Marseille'),(461,1,'2021-12-16','20:00:00',6,'2021-12-16','22:00:00',25,3556,'Montpellier','Marseille'),(462,1,'2021-12-17','20:00:00',6,'2021-12-17','22:00:00',25,3556,'Montpellier','Marseille'),(463,1,'2021-12-04','19:00:00',16,'2021-12-04','21:30:00',25,4137,'Montpellier','Toulouse'),(464,1,'2021-12-05','19:00:00',16,'2021-12-05','21:30:00',25,4137,'Montpellier','Toulouse'),(465,1,'2021-12-06','19:00:00',16,'2021-12-06','21:30:00',25,4137,'Montpellier','Toulouse'),(466,1,'2021-12-07','19:00:00',16,'2021-12-07','21:30:00',25,4137,'Montpellier','Toulouse'),(467,1,'2021-12-08','19:00:00',16,'2021-12-08','21:30:00',25,4137,'Montpellier','Toulouse'),(468,1,'2021-12-09','19:00:00',16,'2021-12-09','21:30:00',25,4137,'Montpellier','Toulouse'),(469,1,'2021-12-10','19:00:00',16,'2021-12-10','21:30:00',25,4137,'Montpellier','Toulouse'),(470,1,'2021-12-11','19:00:00',16,'2021-12-11','21:30:00',25,4137,'Montpellier','Toulouse'),(471,1,'2021-12-12','19:00:00',16,'2021-12-12','21:30:00',25,4137,'Montpellier','Toulouse'),(472,1,'2021-12-13','19:00:00',16,'2021-12-13','21:30:00',25,4137,'Montpellier','Toulouse'),(473,1,'2021-12-14','19:00:00',16,'2021-12-14','21:30:00',25,4137,'Montpellier','Toulouse'),(474,1,'2021-12-15','19:00:00',16,'2021-12-15','21:30:00',25,4137,'Montpellier','Toulouse'),(475,1,'2021-12-16','19:00:00',16,'2021-12-16','21:30:00',25,4137,'Montpellier','Toulouse'),(476,1,'2021-12-17','19:00:00',16,'2021-12-17','21:30:00',25,4137,'Montpellier','Toulouse'),(477,16,'2021-12-04','23:00:00',1,'2021-12-05','01:30:00',25,4137,'Toulouse','Montpellier'),(478,16,'2021-12-05','23:00:00',1,'2021-12-06','01:30:00',25,4137,'Toulouse','Montpellier'),(479,16,'2021-12-06','23:00:00',1,'2021-12-07','01:30:00',25,4137,'Toulouse','Montpellier'),(480,16,'2021-12-07','23:00:00',1,'2021-12-08','01:30:00',25,4137,'Toulouse','Montpellier'),(481,16,'2021-12-08','23:00:00',1,'2021-12-09','01:30:00',25,4137,'Toulouse','Montpellier'),(482,16,'2021-12-09','23:00:00',1,'2021-12-10','01:30:00',25,4137,'Toulouse','Montpellier'),(483,16,'2021-12-10','23:00:00',1,'2021-12-11','01:30:00',25,4137,'Toulouse','Montpellier'),(484,16,'2021-12-11','23:00:00',1,'2021-12-12','01:30:00',25,4137,'Toulouse','Montpellier'),(485,16,'2021-12-12','23:00:00',1,'2021-12-13','01:30:00',25,4137,'Toulouse','Montpellier'),(486,16,'2021-12-13','23:00:00',1,'2021-12-14','01:30:00',25,4137,'Toulouse','Montpellier'),(487,16,'2021-12-14','23:00:00',1,'2021-12-15','01:30:00',25,4137,'Toulouse','Montpellier'),(488,16,'2021-12-15','23:00:00',1,'2021-12-16','01:30:00',25,4137,'Toulouse','Montpellier'),(489,16,'2021-12-16','23:00:00',1,'2021-12-17','01:30:00',25,4137,'Toulouse','Montpellier'),(490,16,'2021-12-17','23:00:00',1,'2021-12-18','01:30:00',25,4137,'Toulouse','Montpellier'),(491,16,'2021-12-04','23:00:00',7,'2021-12-05','01:30:00',35,4189,'Toulouse','Bordeaux'),(492,16,'2021-12-05','23:00:00',7,'2021-12-06','01:30:00',35,4189,'Toulouse','Bordeaux'),(493,16,'2021-12-06','23:00:00',7,'2021-12-07','01:30:00',35,4189,'Toulouse','Bordeaux'),(494,16,'2021-12-07','23:00:00',7,'2021-12-08','01:30:00',35,4189,'Toulouse','Bordeaux'),(495,16,'2021-12-08','23:00:00',7,'2021-12-09','01:30:00',35,4189,'Toulouse','Bordeaux'),(496,16,'2021-12-09','23:00:00',7,'2021-12-10','01:30:00',35,4189,'Toulouse','Bordeaux'),(497,16,'2021-12-10','23:00:00',7,'2021-12-11','01:30:00',35,4189,'Toulouse','Bordeaux'),(498,16,'2021-12-11','23:00:00',7,'2021-12-12','01:30:00',35,4189,'Toulouse','Bordeaux'),(499,16,'2021-12-12','23:00:00',7,'2021-12-13','01:30:00',35,4189,'Toulouse','Bordeaux'),(500,16,'2021-12-13','23:00:00',7,'2021-12-14','01:30:00',35,4189,'Toulouse','Bordeaux'),(501,16,'2021-12-14','23:00:00',7,'2021-12-15','01:30:00',35,4189,'Toulouse','Bordeaux'),(502,16,'2021-12-15','23:00:00',7,'2021-12-16','01:30:00',35,4189,'Toulouse','Bordeaux'),(503,16,'2021-12-16','23:00:00',7,'2021-12-17','01:30:00',35,4189,'Toulouse','Bordeaux'),(504,16,'2021-12-17','23:00:00',7,'2021-12-18','01:30:00',35,4189,'Toulouse','Bordeaux'),(505,7,'2021-12-04','19:00:00',16,'2021-12-04','21:30:00',35,4189,'Bordeaux','Toulouse'),(506,7,'2021-12-05','19:00:00',16,'2021-12-05','21:30:00',35,4189,'Bordeaux','Toulouse'),(507,7,'2021-12-06','19:00:00',16,'2021-12-06','21:30:00',35,4189,'Bordeaux','Toulouse'),(508,7,'2021-12-07','19:00:00',16,'2021-12-07','21:30:00',35,4189,'Bordeaux','Toulouse'),(509,7,'2021-12-08','19:00:00',16,'2021-12-08','21:30:00',35,4189,'Bordeaux','Toulouse'),(510,7,'2021-12-09','19:00:00',16,'2021-12-09','21:30:00',35,4189,'Bordeaux','Toulouse'),(511,7,'2021-12-10','19:00:00',16,'2021-12-10','21:30:00',35,4189,'Bordeaux','Toulouse'),(512,7,'2021-12-11','19:00:00',16,'2021-12-11','21:30:00',35,4189,'Bordeaux','Toulouse'),(513,7,'2021-12-12','19:00:00',16,'2021-12-12','21:30:00',35,4189,'Bordeaux','Toulouse'),(514,7,'2021-12-13','19:00:00',16,'2021-12-13','21:30:00',35,4189,'Bordeaux','Toulouse'),(515,7,'2021-12-14','19:00:00',16,'2021-12-14','21:30:00',35,4189,'Bordeaux','Toulouse'),(516,7,'2021-12-15','19:00:00',16,'2021-12-15','21:30:00',35,4189,'Bordeaux','Toulouse'),(517,7,'2021-12-16','19:00:00',16,'2021-12-16','21:30:00',35,4189,'Bordeaux','Toulouse'),(518,7,'2021-12-17','19:00:00',16,'2021-12-17','21:30:00',35,4189,'Bordeaux','Toulouse'),(519,11,'2021-12-04','22:00:00',15,'2021-12-05','01:30:00',32,4199,'Paris','Brest'),(520,11,'2021-12-05','22:00:00',15,'2021-12-06','01:30:00',32,4199,'Paris','Brest'),(521,11,'2021-12-06','22:00:00',15,'2021-12-07','01:30:00',32,4199,'Paris','Brest'),(522,11,'2021-12-07','22:00:00',15,'2021-12-08','01:30:00',32,4199,'Paris','Brest'),(523,11,'2021-12-08','22:00:00',15,'2021-12-09','01:30:00',32,4199,'Paris','Brest'),(524,11,'2021-12-09','22:00:00',15,'2021-12-10','01:30:00',32,4199,'Paris','Brest'),(525,11,'2021-12-10','22:00:00',15,'2021-12-11','01:30:00',32,4199,'Paris','Brest'),(526,11,'2021-12-11','22:00:00',15,'2021-12-12','01:30:00',32,4199,'Paris','Brest'),(527,11,'2021-12-12','22:00:00',15,'2021-12-13','01:30:00',32,4199,'Paris','Brest'),(528,11,'2021-12-13','22:00:00',15,'2021-12-14','01:30:00',32,4199,'Paris','Brest'),(529,11,'2021-12-14','22:00:00',15,'2021-12-15','01:30:00',32,4199,'Paris','Brest'),(530,11,'2021-12-15','22:00:00',15,'2021-12-16','01:30:00',32,4199,'Paris','Brest'),(531,11,'2021-12-16','22:00:00',15,'2021-12-17','01:30:00',32,4199,'Paris','Brest'),(532,11,'2021-12-17','22:00:00',15,'2021-12-18','01:30:00',32,4199,'Paris','Brest'),(547,5,'2021-12-04','07:00:00',8,'2021-12-04','09:30:00',32,4896,'Paris','Lyon'),(548,5,'2021-12-05','07:00:00',8,'2021-12-05','09:30:00',32,4896,'Paris','Lyon'),(549,5,'2021-12-06','07:00:00',8,'2021-12-06','09:30:00',32,4896,'Paris','Lyon'),(550,5,'2021-12-07','07:00:00',8,'2021-12-07','09:30:00',32,4896,'Paris','Lyon'),(551,5,'2021-12-08','07:00:00',8,'2021-12-08','09:30:00',32,4896,'Paris','Lyon'),(552,5,'2021-12-09','07:00:00',8,'2021-12-09','09:30:00',32,4896,'Paris','Lyon'),(553,5,'2021-12-10','07:00:00',8,'2021-12-10','09:30:00',32,4896,'Paris','Lyon'),(554,5,'2021-12-11','07:00:00',8,'2021-12-11','09:30:00',32,4896,'Paris','Lyon'),(555,5,'2021-12-12','07:00:00',8,'2021-12-12','09:30:00',32,4896,'Paris','Lyon'),(556,5,'2021-12-13','07:00:00',8,'2021-12-13','09:30:00',32,4896,'Paris','Lyon'),(557,5,'2021-12-14','07:00:00',8,'2021-12-14','09:30:00',32,4896,'Paris','Lyon'),(558,5,'2021-12-15','07:00:00',8,'2021-12-15','09:30:00',32,4896,'Paris','Lyon'),(559,5,'2021-12-16','07:00:00',8,'2021-12-16','09:30:00',32,4896,'Paris','Lyon'),(560,5,'2021-12-17','07:00:00',8,'2021-12-17','09:30:00',32,4896,'Paris','Lyon'),(561,18,'2021-12-04','20:30:00',12,'2021-12-04','21:30:00',22,5489,'Lille','Paris'),(562,18,'2021-12-05','20:30:00',12,'2021-12-05','21:30:00',22,5489,'Lille','Paris'),(563,18,'2021-12-06','20:30:00',12,'2021-12-06','21:30:00',22,5489,'Lille','Paris'),(564,18,'2021-12-07','20:30:00',12,'2021-12-07','21:30:00',22,5489,'Lille','Paris'),(565,18,'2021-12-08','20:30:00',12,'2021-12-08','21:30:00',22,5489,'Lille','Paris'),(566,18,'2021-12-09','20:30:00',12,'2021-12-09','21:30:00',22,5489,'Lille','Paris'),(567,18,'2021-12-10','20:30:00',12,'2021-12-10','21:30:00',22,5489,'Lille','Paris'),(568,18,'2021-12-11','20:30:00',12,'2021-12-11','21:30:00',22,5489,'Lille','Paris'),(569,18,'2021-12-12','20:30:00',12,'2021-12-12','21:30:00',22,5489,'Lille','Paris'),(570,18,'2021-12-13','20:30:00',12,'2021-12-13','21:30:00',22,5489,'Lille','Paris'),(571,18,'2021-12-14','20:30:00',12,'2021-12-14','21:30:00',22,5489,'Lille','Paris'),(572,18,'2021-12-15','20:30:00',12,'2021-12-15','21:30:00',22,5489,'Lille','Paris'),(573,18,'2021-12-16','20:30:00',12,'2021-12-16','21:30:00',22,5489,'Lille','Paris'),(574,18,'2021-12-17','20:30:00',12,'2021-12-17','21:30:00',22,5489,'Lille','Paris'),(575,12,'2021-12-04','09:00:00',18,'2021-12-04','10:00:00',22,5489,'Paris','Lille'),(576,12,'2021-12-05','09:00:00',18,'2021-12-05','10:00:00',22,5489,'Paris','Lille'),(577,12,'2021-12-06','09:00:00',18,'2021-12-06','10:00:00',22,5489,'Paris','Lille'),(578,12,'2021-12-07','09:00:00',18,'2021-12-07','10:00:00',22,5489,'Paris','Lille'),(579,12,'2021-12-08','09:00:00',18,'2021-12-08','10:00:00',22,5489,'Paris','Lille'),(580,12,'2021-12-09','09:00:00',18,'2021-12-09','10:00:00',22,5489,'Paris','Lille'),(581,12,'2021-12-10','09:00:00',18,'2021-12-10','10:00:00',22,5489,'Paris','Lille'),(582,12,'2021-12-11','09:00:00',18,'2021-12-11','10:00:00',22,5489,'Paris','Lille'),(583,12,'2021-12-12','09:00:00',18,'2021-12-12','10:00:00',22,5489,'Paris','Lille'),(584,12,'2021-12-13','09:00:00',18,'2021-12-13','10:00:00',22,5489,'Paris','Lille'),(585,12,'2021-12-14','09:00:00',18,'2021-12-14','10:00:00',22,5489,'Paris','Lille'),(586,12,'2021-12-15','09:00:00',18,'2021-12-15','10:00:00',22,5489,'Paris','Lille'),(587,12,'2021-12-16','09:00:00',18,'2021-12-16','10:00:00',22,5489,'Paris','Lille'),(588,12,'2021-12-17','09:00:00',18,'2021-12-17','10:00:00',22,5489,'Paris','Lille'),(589,12,'2021-12-04','11:00:00',18,'2021-12-04','12:00:00',22,5489,'Paris','Lille'),(590,12,'2021-12-05','11:00:00',18,'2021-12-05','12:00:00',22,5489,'Paris','Lille'),(591,12,'2021-12-06','11:00:00',18,'2021-12-06','12:00:00',22,5489,'Paris','Lille'),(592,12,'2021-12-07','11:00:00',18,'2021-12-07','12:00:00',22,5489,'Paris','Lille'),(593,12,'2021-12-08','11:00:00',18,'2021-12-08','12:00:00',22,5489,'Paris','Lille'),(594,12,'2021-12-09','11:00:00',18,'2021-12-09','12:00:00',22,5489,'Paris','Lille'),(595,12,'2021-12-10','11:00:00',18,'2021-12-10','12:00:00',22,5489,'Paris','Lille'),(596,12,'2021-12-11','11:00:00',18,'2021-12-11','12:00:00',22,5489,'Paris','Lille'),(597,12,'2021-12-12','11:00:00',18,'2021-12-12','12:00:00',22,5489,'Paris','Lille'),(598,12,'2021-12-13','11:00:00',18,'2021-12-13','12:00:00',22,5489,'Paris','Lille'),(599,12,'2021-12-14','11:00:00',18,'2021-12-14','12:00:00',22,5489,'Paris','Lille'),(600,12,'2021-12-15','11:00:00',18,'2021-12-15','12:00:00',22,5489,'Paris','Lille'),(601,12,'2021-12-16','11:00:00',18,'2021-12-16','12:00:00',22,5489,'Paris','Lille'),(602,12,'2021-12-17','11:00:00',18,'2021-12-17','12:00:00',22,5489,'Paris','Lille'),(603,12,'2021-12-04','13:00:00',18,'2021-12-04','14:00:00',22,5489,'Paris','Lille'),(604,12,'2021-12-05','13:00:00',18,'2021-12-05','14:00:00',22,5489,'Paris','Lille'),(605,12,'2021-12-06','13:00:00',18,'2021-12-06','14:00:00',22,5489,'Paris','Lille'),(606,12,'2021-12-07','13:00:00',18,'2021-12-07','14:00:00',22,5489,'Paris','Lille'),(607,12,'2021-12-08','13:00:00',18,'2021-12-08','14:00:00',22,5489,'Paris','Lille'),(608,12,'2021-12-09','13:00:00',18,'2021-12-09','14:00:00',22,5489,'Paris','Lille'),(609,12,'2021-12-10','13:00:00',18,'2021-12-10','14:00:00',22,5489,'Paris','Lille'),(610,12,'2021-12-11','13:00:00',18,'2021-12-11','14:00:00',22,5489,'Paris','Lille'),(611,12,'2021-12-12','13:00:00',18,'2021-12-12','14:00:00',22,5489,'Paris','Lille'),(612,12,'2021-12-13','13:00:00',18,'2021-12-13','14:00:00',22,5489,'Paris','Lille'),(613,12,'2021-12-14','13:00:00',18,'2021-12-14','14:00:00',22,5489,'Paris','Lille'),(614,12,'2021-12-15','13:00:00',18,'2021-12-15','14:00:00',22,5489,'Paris','Lille'),(615,12,'2021-12-16','13:00:00',18,'2021-12-16','14:00:00',22,5489,'Paris','Lille'),(616,12,'2021-12-17','13:00:00',18,'2021-12-17','14:00:00',22,5489,'Paris','Lille'),(617,12,'2021-12-04','15:00:00',18,'2021-12-04','16:00:00',22,5489,'Paris','Lille'),(618,12,'2021-12-05','15:00:00',18,'2021-12-05','16:00:00',22,5489,'Paris','Lille'),(619,12,'2021-12-06','15:00:00',18,'2021-12-06','16:00:00',22,5489,'Paris','Lille'),(620,12,'2021-12-07','15:00:00',18,'2021-12-07','16:00:00',22,5489,'Paris','Lille'),(621,12,'2021-12-08','15:00:00',18,'2021-12-08','16:00:00',22,5489,'Paris','Lille'),(622,12,'2021-12-09','15:00:00',18,'2021-12-09','16:00:00',22,5489,'Paris','Lille'),(623,12,'2021-12-10','15:00:00',18,'2021-12-10','16:00:00',22,5489,'Paris','Lille'),(624,12,'2021-12-11','15:00:00',18,'2021-12-11','16:00:00',22,5489,'Paris','Lille'),(625,12,'2021-12-12','15:00:00',18,'2021-12-12','16:00:00',22,5489,'Paris','Lille'),(626,12,'2021-12-13','15:00:00',18,'2021-12-13','16:00:00',22,5489,'Paris','Lille'),(627,12,'2021-12-14','15:00:00',18,'2021-12-14','16:00:00',22,5489,'Paris','Lille'),(628,12,'2021-12-15','15:00:00',18,'2021-12-15','16:00:00',22,5489,'Paris','Lille'),(629,12,'2021-12-16','15:00:00',18,'2021-12-16','16:00:00',22,5489,'Paris','Lille'),(630,12,'2021-12-17','15:00:00',18,'2021-12-17','16:00:00',22,5489,'Paris','Lille'),(631,12,'2021-12-04','17:00:00',18,'2021-12-04','18:00:00',22,5489,'Paris','Lille'),(632,12,'2021-12-05','17:00:00',18,'2021-12-05','18:00:00',22,5489,'Paris','Lille'),(633,12,'2021-12-06','17:00:00',18,'2021-12-06','18:00:00',22,5489,'Paris','Lille'),(634,12,'2021-12-07','17:00:00',18,'2021-12-07','18:00:00',22,5489,'Paris','Lille'),(635,12,'2021-12-08','17:00:00',18,'2021-12-08','18:00:00',22,5489,'Paris','Lille'),(636,12,'2021-12-09','17:00:00',18,'2021-12-09','18:00:00',22,5489,'Paris','Lille'),(637,12,'2021-12-10','17:00:00',18,'2021-12-10','18:00:00',22,5489,'Paris','Lille'),(638,12,'2021-12-11','17:00:00',18,'2021-12-11','18:00:00',22,5489,'Paris','Lille'),(639,12,'2021-12-12','17:00:00',18,'2021-12-12','18:00:00',22,5489,'Paris','Lille'),(640,12,'2021-12-13','17:00:00',18,'2021-12-13','18:00:00',22,5489,'Paris','Lille'),(641,12,'2021-12-14','17:00:00',18,'2021-12-14','18:00:00',22,5489,'Paris','Lille'),(642,12,'2021-12-15','17:00:00',18,'2021-12-15','18:00:00',22,5489,'Paris','Lille'),(643,12,'2021-12-16','17:00:00',18,'2021-12-16','18:00:00',22,5489,'Paris','Lille'),(644,12,'2021-12-17','17:00:00',18,'2021-12-17','18:00:00',22,5489,'Paris','Lille'),(645,12,'2021-12-04','19:00:00',18,'2021-12-04','20:00:00',22,5489,'Paris','Lille'),(646,12,'2021-12-05','19:00:00',18,'2021-12-05','20:00:00',22,5489,'Paris','Lille'),(647,12,'2021-12-06','19:00:00',18,'2021-12-06','20:00:00',22,5489,'Paris','Lille'),(648,12,'2021-12-07','19:00:00',18,'2021-12-07','20:00:00',22,5489,'Paris','Lille'),(649,12,'2021-12-08','19:00:00',18,'2021-12-08','20:00:00',22,5489,'Paris','Lille'),(650,12,'2021-12-09','19:00:00',18,'2021-12-09','20:00:00',22,5489,'Paris','Lille'),(651,12,'2021-12-10','19:00:00',18,'2021-12-10','20:00:00',22,5489,'Paris','Lille'),(652,12,'2021-12-11','19:00:00',18,'2021-12-11','20:00:00',22,5489,'Paris','Lille'),(653,12,'2021-12-12','19:00:00',18,'2021-12-12','20:00:00',22,5489,'Paris','Lille'),(654,12,'2021-12-13','19:00:00',18,'2021-12-13','20:00:00',22,5489,'Paris','Lille'),(655,12,'2021-12-14','19:00:00',18,'2021-12-14','20:00:00',22,5489,'Paris','Lille'),(656,12,'2021-12-15','19:00:00',18,'2021-12-15','20:00:00',22,5489,'Paris','Lille'),(657,12,'2021-12-16','19:00:00',18,'2021-12-16','20:00:00',22,5489,'Paris','Lille'),(658,12,'2021-12-17','19:00:00',18,'2021-12-17','20:00:00',22,5489,'Paris','Lille'),(659,18,'2021-12-04','08:30:00',12,'2021-12-04','09:30:00',22,5489,'Lille','Paris'),(660,18,'2021-12-05','08:30:00',12,'2021-12-05','09:30:00',22,5489,'Lille','Paris'),(661,18,'2021-12-06','08:30:00',12,'2021-12-06','09:30:00',22,5489,'Lille','Paris'),(662,18,'2021-12-07','08:30:00',12,'2021-12-07','09:30:00',22,5489,'Lille','Paris'),(663,18,'2021-12-08','08:30:00',12,'2021-12-08','09:30:00',22,5489,'Lille','Paris'),(664,18,'2021-12-09','08:30:00',12,'2021-12-09','09:30:00',22,5489,'Lille','Paris'),(665,18,'2021-12-10','08:30:00',12,'2021-12-10','09:30:00',22,5489,'Lille','Paris'),(666,18,'2021-12-11','08:30:00',12,'2021-12-11','09:30:00',22,5489,'Lille','Paris'),(667,18,'2021-12-12','08:30:00',12,'2021-12-12','09:30:00',22,5489,'Lille','Paris'),(668,18,'2021-12-13','08:30:00',12,'2021-12-13','09:30:00',22,5489,'Lille','Paris'),(669,18,'2021-12-14','08:30:00',12,'2021-12-14','09:30:00',22,5489,'Lille','Paris'),(670,18,'2021-12-15','08:30:00',12,'2021-12-15','09:30:00',22,5489,'Lille','Paris'),(671,18,'2021-12-16','08:30:00',12,'2021-12-16','09:30:00',22,5489,'Lille','Paris'),(672,18,'2021-12-17','08:30:00',12,'2021-12-17','09:30:00',22,5489,'Lille','Paris'),(673,18,'2021-12-04','10:30:00',12,'2021-12-04','11:30:00',22,5489,'Lille','Paris'),(674,18,'2021-12-05','10:30:00',12,'2021-12-05','11:30:00',22,5489,'Lille','Paris'),(675,18,'2021-12-06','10:30:00',12,'2021-12-06','11:30:00',22,5489,'Lille','Paris'),(676,18,'2021-12-07','10:30:00',12,'2021-12-07','11:30:00',22,5489,'Lille','Paris'),(677,18,'2021-12-08','10:30:00',12,'2021-12-08','11:30:00',22,5489,'Lille','Paris'),(678,18,'2021-12-09','10:30:00',12,'2021-12-09','11:30:00',22,5489,'Lille','Paris'),(679,18,'2021-12-10','10:30:00',12,'2021-12-10','11:30:00',22,5489,'Lille','Paris'),(680,18,'2021-12-11','10:30:00',12,'2021-12-11','11:30:00',22,5489,'Lille','Paris'),(681,18,'2021-12-12','10:30:00',12,'2021-12-12','11:30:00',22,5489,'Lille','Paris'),(682,18,'2021-12-13','10:30:00',12,'2021-12-13','11:30:00',22,5489,'Lille','Paris'),(683,18,'2021-12-14','10:30:00',12,'2021-12-14','11:30:00',22,5489,'Lille','Paris'),(684,18,'2021-12-15','10:30:00',12,'2021-12-15','11:30:00',22,5489,'Lille','Paris'),(685,18,'2021-12-16','10:30:00',12,'2021-12-16','11:30:00',22,5489,'Lille','Paris'),(686,18,'2021-12-17','10:30:00',12,'2021-12-17','11:30:00',22,5489,'Lille','Paris'),(687,18,'2021-12-04','12:30:00',12,'2021-12-04','13:30:00',22,5489,'Lille','Paris'),(688,18,'2021-12-05','12:30:00',12,'2021-12-05','13:30:00',22,5489,'Lille','Paris'),(689,18,'2021-12-06','12:30:00',12,'2021-12-06','13:30:00',22,5489,'Lille','Paris'),(690,18,'2021-12-07','12:30:00',12,'2021-12-07','13:30:00',22,5489,'Lille','Paris'),(691,18,'2021-12-08','12:30:00',12,'2021-12-08','13:30:00',22,5489,'Lille','Paris'),(692,18,'2021-12-09','12:30:00',12,'2021-12-09','13:30:00',22,5489,'Lille','Paris'),(693,18,'2021-12-10','12:30:00',12,'2021-12-10','13:30:00',22,5489,'Lille','Paris'),(694,18,'2021-12-11','12:30:00',12,'2021-12-11','13:30:00',22,5489,'Lille','Paris'),(695,18,'2021-12-12','12:30:00',12,'2021-12-12','13:30:00',22,5489,'Lille','Paris'),(696,18,'2021-12-13','12:30:00',12,'2021-12-13','13:30:00',22,5489,'Lille','Paris'),(697,18,'2021-12-14','12:30:00',12,'2021-12-14','13:30:00',22,5489,'Lille','Paris'),(698,18,'2021-12-15','12:30:00',12,'2021-12-15','13:30:00',22,5489,'Lille','Paris'),(699,18,'2021-12-16','12:30:00',12,'2021-12-16','13:30:00',22,5489,'Lille','Paris'),(700,18,'2021-12-17','12:30:00',12,'2021-12-17','13:30:00',22,5489,'Lille','Paris'),(701,18,'2021-12-04','14:30:00',12,'2021-12-04','15:30:00',22,5489,'Lille','Paris'),(702,18,'2021-12-05','14:30:00',12,'2021-12-05','15:30:00',22,5489,'Lille','Paris'),(703,18,'2021-12-06','14:30:00',12,'2021-12-06','15:30:00',22,5489,'Lille','Paris'),(704,18,'2021-12-07','14:30:00',12,'2021-12-07','15:30:00',22,5489,'Lille','Paris'),(705,18,'2021-12-08','14:30:00',12,'2021-12-08','15:30:00',22,5489,'Lille','Paris'),(706,18,'2021-12-09','14:30:00',12,'2021-12-09','15:30:00',22,5489,'Lille','Paris'),(707,18,'2021-12-10','14:30:00',12,'2021-12-10','15:30:00',22,5489,'Lille','Paris'),(708,18,'2021-12-11','14:30:00',12,'2021-12-11','15:30:00',22,5489,'Lille','Paris'),(709,18,'2021-12-12','14:30:00',12,'2021-12-12','15:30:00',22,5489,'Lille','Paris'),(710,18,'2021-12-13','14:30:00',12,'2021-12-13','15:30:00',22,5489,'Lille','Paris'),(711,18,'2021-12-14','14:30:00',12,'2021-12-14','15:30:00',22,5489,'Lille','Paris'),(712,18,'2021-12-15','14:30:00',12,'2021-12-15','15:30:00',22,5489,'Lille','Paris'),(713,18,'2021-12-16','14:30:00',12,'2021-12-16','15:30:00',22,5489,'Lille','Paris'),(714,18,'2021-12-17','14:30:00',12,'2021-12-17','15:30:00',22,5489,'Lille','Paris'),(715,18,'2021-12-04','16:30:00',12,'2021-12-04','17:30:00',22,5489,'Lille','Paris'),(716,18,'2021-12-05','16:30:00',12,'2021-12-05','17:30:00',22,5489,'Lille','Paris'),(717,18,'2021-12-06','16:30:00',12,'2021-12-06','17:30:00',22,5489,'Lille','Paris'),(718,18,'2021-12-07','16:30:00',12,'2021-12-07','17:30:00',22,5489,'Lille','Paris'),(719,18,'2021-12-08','16:30:00',12,'2021-12-08','17:30:00',22,5489,'Lille','Paris'),(720,18,'2021-12-09','16:30:00',12,'2021-12-09','17:30:00',22,5489,'Lille','Paris'),(721,18,'2021-12-10','16:30:00',12,'2021-12-10','17:30:00',22,5489,'Lille','Paris'),(722,18,'2021-12-11','16:30:00',12,'2021-12-11','17:30:00',22,5489,'Lille','Paris'),(723,18,'2021-12-12','16:30:00',12,'2021-12-12','17:30:00',22,5489,'Lille','Paris'),(724,18,'2021-12-13','16:30:00',12,'2021-12-13','17:30:00',22,5489,'Lille','Paris'),(725,18,'2021-12-14','16:30:00',12,'2021-12-14','17:30:00',22,5489,'Lille','Paris'),(726,18,'2021-12-15','16:30:00',12,'2021-12-15','17:30:00',22,5489,'Lille','Paris'),(727,18,'2021-12-16','16:30:00',12,'2021-12-16','17:30:00',22,5489,'Lille','Paris'),(728,18,'2021-12-17','16:30:00',12,'2021-12-17','17:30:00',22,5489,'Lille','Paris'),(729,18,'2021-12-04','18:30:00',12,'2021-12-04','19:30:00',22,5489,'Lille','Paris'),(730,18,'2021-12-05','18:30:00',12,'2021-12-05','19:30:00',22,5489,'Lille','Paris'),(731,18,'2021-12-06','18:30:00',12,'2021-12-06','19:30:00',22,5489,'Lille','Paris'),(732,18,'2021-12-07','18:30:00',12,'2021-12-07','19:30:00',22,5489,'Lille','Paris'),(733,18,'2021-12-08','18:30:00',12,'2021-12-08','19:30:00',22,5489,'Lille','Paris'),(734,18,'2021-12-09','18:30:00',12,'2021-12-09','19:30:00',22,5489,'Lille','Paris'),(735,18,'2021-12-10','18:30:00',12,'2021-12-10','19:30:00',22,5489,'Lille','Paris'),(736,18,'2021-12-11','18:30:00',12,'2021-12-11','19:30:00',22,5489,'Lille','Paris'),(737,18,'2021-12-12','18:30:00',12,'2021-12-12','19:30:00',22,5489,'Lille','Paris'),(738,18,'2021-12-13','18:30:00',12,'2021-12-13','19:30:00',22,5489,'Lille','Paris'),(739,18,'2021-12-14','18:30:00',12,'2021-12-14','19:30:00',22,5489,'Lille','Paris'),(740,18,'2021-12-15','18:30:00',12,'2021-12-15','19:30:00',22,5489,'Lille','Paris'),(741,18,'2021-12-16','18:30:00',12,'2021-12-16','19:30:00',22,5489,'Lille','Paris'),(742,18,'2021-12-17','18:30:00',12,'2021-12-17','19:30:00',22,5489,'Lille','Paris'),(743,18,'2021-12-04','20:30:00',12,'2021-12-04','21:30:00',22,5489,'Lille','Paris'),(744,18,'2021-12-05','20:30:00',12,'2021-12-05','21:30:00',22,5489,'Lille','Paris'),(745,18,'2021-12-06','20:30:00',12,'2021-12-06','21:30:00',22,5489,'Lille','Paris'),(746,18,'2021-12-07','20:30:00',12,'2021-12-07','21:30:00',22,5489,'Lille','Paris'),(747,18,'2021-12-08','20:30:00',12,'2021-12-08','21:30:00',22,5489,'Lille','Paris'),(748,18,'2021-12-09','20:30:00',12,'2021-12-09','21:30:00',22,5489,'Lille','Paris'),(749,18,'2021-12-10','20:30:00',12,'2021-12-10','21:30:00',22,5489,'Lille','Paris'),(750,18,'2021-12-11','20:30:00',12,'2021-12-11','21:30:00',22,5489,'Lille','Paris'),(751,18,'2021-12-12','20:30:00',12,'2021-12-12','21:30:00',22,5489,'Lille','Paris'),(752,18,'2021-12-13','20:30:00',12,'2021-12-13','21:30:00',22,5489,'Lille','Paris'),(753,18,'2021-12-14','20:30:00',12,'2021-12-14','21:30:00',22,5489,'Lille','Paris'),(754,18,'2021-12-15','20:30:00',12,'2021-12-15','21:30:00',22,5489,'Lille','Paris'),(755,18,'2021-12-16','20:30:00',12,'2021-12-16','21:30:00',22,5489,'Lille','Paris'),(756,18,'2021-12-17','20:30:00',12,'2021-12-17','21:30:00',22,5489,'Lille','Paris'),(757,5,'2021-12-04','13:00:00',8,'2021-12-04','15:30:00',42,4896,'Paris','Lyon'),(758,5,'2021-12-05','13:00:00',8,'2021-12-05','15:30:00',42,4896,'Paris','Lyon'),(759,5,'2021-12-06','13:00:00',8,'2021-12-06','15:30:00',42,4896,'Paris','Lyon'),(760,5,'2021-12-07','13:00:00',8,'2021-12-07','15:30:00',42,4896,'Paris','Lyon'),(761,5,'2021-12-08','13:00:00',8,'2021-12-08','15:30:00',42,4896,'Paris','Lyon'),(762,5,'2021-12-09','13:00:00',8,'2021-12-09','15:30:00',42,4896,'Paris','Lyon'),(763,5,'2021-12-10','13:00:00',8,'2021-12-10','15:30:00',42,4896,'Paris','Lyon'),(764,5,'2021-12-11','13:00:00',8,'2021-12-11','15:30:00',42,4896,'Paris','Lyon'),(765,5,'2021-12-12','13:00:00',8,'2021-12-12','15:30:00',42,4896,'Paris','Lyon'),(766,5,'2021-12-13','13:00:00',8,'2021-12-13','15:30:00',42,4896,'Paris','Lyon'),(767,5,'2021-12-14','13:00:00',8,'2021-12-14','15:30:00',42,4896,'Paris','Lyon'),(768,5,'2021-12-15','13:00:00',8,'2021-12-15','15:30:00',42,4896,'Paris','Lyon'),(769,5,'2021-12-16','13:00:00',8,'2021-12-16','15:30:00',42,4896,'Paris','Lyon'),(770,5,'2021-12-17','13:00:00',8,'2021-12-17','15:30:00',42,4896,'Paris','Lyon'),(771,5,'2021-12-04','19:00:00',8,'2021-12-04','21:30:00',42,4896,'Paris','Lyon'),(772,5,'2021-12-05','19:00:00',8,'2021-12-05','21:30:00',42,4896,'Paris','Lyon'),(773,5,'2021-12-06','19:00:00',8,'2021-12-06','21:30:00',42,4896,'Paris','Lyon'),(774,5,'2021-12-07','19:00:00',8,'2021-12-07','21:30:00',42,4896,'Paris','Lyon'),(775,5,'2021-12-08','19:00:00',8,'2021-12-08','21:30:00',42,4896,'Paris','Lyon'),(776,5,'2021-12-09','19:00:00',8,'2021-12-09','21:30:00',42,4896,'Paris','Lyon'),(777,5,'2021-12-10','19:00:00',8,'2021-12-10','21:30:00',42,4896,'Paris','Lyon'),(778,5,'2021-12-11','19:00:00',8,'2021-12-11','21:30:00',42,4896,'Paris','Lyon'),(779,5,'2021-12-12','19:00:00',8,'2021-12-12','21:30:00',42,4896,'Paris','Lyon'),(780,5,'2021-12-13','19:00:00',8,'2021-12-13','21:30:00',42,4896,'Paris','Lyon'),(781,5,'2021-12-14','19:00:00',8,'2021-12-14','21:30:00',42,4896,'Paris','Lyon'),(782,5,'2021-12-15','19:00:00',8,'2021-12-15','21:30:00',42,4896,'Paris','Lyon'),(783,5,'2021-12-16','19:00:00',8,'2021-12-16','21:30:00',42,4896,'Paris','Lyon'),(784,5,'2021-12-17','19:00:00',8,'2021-12-17','21:30:00',42,4896,'Paris','Lyon'),(813,8,'2021-12-04','22:00:00',5,'2021-12-05','01:30:00',42,4896,'Lyon','Paris'),(814,8,'2021-12-05','22:00:00',5,'2021-12-06','01:30:00',42,4896,'Lyon','Paris'),(815,8,'2021-12-06','22:00:00',5,'2021-12-07','01:30:00',42,4896,'Lyon','Paris'),(816,8,'2021-12-07','22:00:00',5,'2021-12-08','01:30:00',42,4896,'Lyon','Paris'),(817,8,'2021-12-08','22:00:00',5,'2021-12-09','01:30:00',42,4896,'Lyon','Paris'),(818,8,'2021-12-09','22:00:00',5,'2021-12-10','01:30:00',42,4896,'Lyon','Paris'),(819,8,'2021-12-10','22:00:00',5,'2021-12-11','01:30:00',42,4896,'Lyon','Paris'),(820,8,'2021-12-11','22:00:00',5,'2021-12-12','01:30:00',42,4896,'Lyon','Paris'),(821,8,'2021-12-12','22:00:00',5,'2021-12-13','01:30:00',42,4896,'Lyon','Paris'),(822,8,'2021-12-13','22:00:00',5,'2021-12-14','01:30:00',42,4896,'Lyon','Paris'),(823,8,'2021-12-14','22:00:00',5,'2021-12-15','01:30:00',42,4896,'Lyon','Paris'),(824,8,'2021-12-15','22:00:00',5,'2021-12-16','01:30:00',42,4896,'Lyon','Paris'),(825,8,'2021-12-16','22:00:00',5,'2021-12-17','01:30:00',42,4896,'Lyon','Paris'),(826,8,'2021-12-17','22:00:00',5,'2021-12-18','01:30:00',42,4896,'Lyon','Paris'),(827,14,'2021-12-04','22:00:00',13,'2021-12-05','01:30:00',32,4578,'Strasbourg','Paris'),(828,14,'2021-12-05','22:00:00',13,'2021-12-06','01:30:00',32,4578,'Strasbourg','Paris'),(829,14,'2021-12-06','22:00:00',13,'2021-12-07','01:30:00',32,4578,'Strasbourg','Paris'),(830,14,'2021-12-07','22:00:00',13,'2021-12-08','01:30:00',32,4578,'Strasbourg','Paris'),(831,14,'2021-12-08','22:00:00',13,'2021-12-09','01:30:00',32,4578,'Strasbourg','Paris'),(832,14,'2021-12-09','22:00:00',13,'2021-12-10','01:30:00',32,4578,'Strasbourg','Paris'),(833,14,'2021-12-10','22:00:00',13,'2021-12-11','01:30:00',32,4578,'Strasbourg','Paris'),(834,14,'2021-12-11','22:00:00',13,'2021-12-12','01:30:00',32,4578,'Strasbourg','Paris'),(835,14,'2021-12-12','22:00:00',13,'2021-12-13','01:30:00',32,4578,'Strasbourg','Paris'),(836,14,'2021-12-13','22:00:00',13,'2021-12-14','01:30:00',32,4578,'Strasbourg','Paris'),(837,14,'2021-12-14','22:00:00',13,'2021-12-15','01:30:00',32,4578,'Strasbourg','Paris'),(838,14,'2021-12-15','22:00:00',13,'2021-12-16','01:30:00',32,4578,'Strasbourg','Paris'),(839,14,'2021-12-16','22:00:00',13,'2021-12-17','01:30:00',32,4578,'Strasbourg','Paris'),(840,14,'2021-12-17','22:00:00',13,'2021-12-18','01:30:00',32,4578,'Strasbourg','Paris'),(869,13,'2021-12-04','19:00:00',14,'2021-12-04','21:30:00',32,4578,'Paris','Strasbourg'),(870,13,'2021-12-05','19:00:00',14,'2021-12-05','21:30:00',32,4578,'Paris','Strasbourg'),(871,13,'2021-12-06','19:00:00',14,'2021-12-06','21:30:00',32,4578,'Paris','Strasbourg'),(872,13,'2021-12-07','19:00:00',14,'2021-12-07','21:30:00',32,4578,'Paris','Strasbourg'),(873,13,'2021-12-08','19:00:00',14,'2021-12-08','21:30:00',32,4578,'Paris','Strasbourg'),(874,13,'2021-12-09','19:00:00',14,'2021-12-09','21:30:00',32,4578,'Paris','Strasbourg'),(875,13,'2021-12-10','19:00:00',14,'2021-12-10','21:30:00',32,4578,'Paris','Strasbourg'),(876,13,'2021-12-11','19:00:00',14,'2021-12-11','21:30:00',32,4578,'Paris','Strasbourg'),(877,13,'2021-12-12','19:00:00',14,'2021-12-12','21:30:00',32,4578,'Paris','Strasbourg'),(878,13,'2021-12-13','19:00:00',14,'2021-12-13','21:30:00',32,4578,'Paris','Strasbourg'),(879,13,'2021-12-14','19:00:00',14,'2021-12-14','21:30:00',32,4578,'Paris','Strasbourg'),(880,13,'2021-12-15','19:00:00',14,'2021-12-15','21:30:00',32,4578,'Paris','Strasbourg'),(881,13,'2021-12-16','19:00:00',14,'2021-12-16','21:30:00',32,4578,'Paris','Strasbourg'),(882,13,'2021-12-17','19:00:00',14,'2021-12-17','21:30:00',32,4578,'Paris','Strasbourg'),(883,13,'2021-12-04','13:00:00',14,'2021-12-04','15:30:00',32,4578,'Paris','Strasbourg'),(884,13,'2021-12-05','13:00:00',14,'2021-12-05','15:30:00',32,4578,'Paris','Strasbourg'),(885,13,'2021-12-06','13:00:00',14,'2021-12-06','15:30:00',32,4578,'Paris','Strasbourg'),(886,13,'2021-12-07','13:00:00',14,'2021-12-07','15:30:00',32,4578,'Paris','Strasbourg'),(887,13,'2021-12-08','13:00:00',14,'2021-12-08','15:30:00',32,4578,'Paris','Strasbourg'),(888,13,'2021-12-09','13:00:00',14,'2021-12-09','15:30:00',32,4578,'Paris','Strasbourg'),(889,13,'2021-12-10','13:00:00',14,'2021-12-10','15:30:00',32,4578,'Paris','Strasbourg'),(890,13,'2021-12-11','13:00:00',14,'2021-12-11','15:30:00',32,4578,'Paris','Strasbourg'),(891,13,'2021-12-12','13:00:00',14,'2021-12-12','15:30:00',32,4578,'Paris','Strasbourg'),(892,13,'2021-12-13','13:00:00',14,'2021-12-13','15:30:00',32,4578,'Paris','Strasbourg'),(893,13,'2021-12-14','13:00:00',14,'2021-12-14','15:30:00',32,4578,'Paris','Strasbourg'),(894,13,'2021-12-15','13:00:00',14,'2021-12-15','15:30:00',32,4578,'Paris','Strasbourg'),(895,13,'2021-12-16','13:00:00',14,'2021-12-16','15:30:00',32,4578,'Paris','Strasbourg'),(896,13,'2021-12-17','13:00:00',14,'2021-12-17','15:30:00',32,4578,'Paris','Strasbourg'),(897,15,'2021-12-04','09:00:00',11,'2021-12-04','11:30:00',35,7951,'Brest','Paris'),(898,15,'2021-12-05','09:00:00',11,'2021-12-05','11:30:00',35,7951,'Brest','Paris'),(899,15,'2021-12-06','09:00:00',11,'2021-12-06','11:30:00',35,7951,'Brest','Paris'),(900,15,'2021-12-07','09:00:00',11,'2021-12-07','11:30:00',35,7951,'Brest','Paris'),(901,15,'2021-12-08','09:00:00',11,'2021-12-08','11:30:00',35,7951,'Brest','Paris'),(902,15,'2021-12-09','09:00:00',11,'2021-12-09','11:30:00',35,7951,'Brest','Paris'),(903,15,'2021-12-10','09:00:00',11,'2021-12-10','11:30:00',35,7951,'Brest','Paris'),(904,15,'2021-12-11','09:00:00',11,'2021-12-11','11:30:00',35,7951,'Brest','Paris'),(905,15,'2021-12-12','09:00:00',11,'2021-12-12','11:30:00',35,7951,'Brest','Paris'),(906,15,'2021-12-13','09:00:00',11,'2021-12-13','11:30:00',35,7951,'Brest','Paris'),(907,15,'2021-12-14','09:00:00',11,'2021-12-14','11:30:00',35,7951,'Brest','Paris'),(908,15,'2021-12-15','09:00:00',11,'2021-12-15','11:30:00',35,7951,'Brest','Paris'),(909,15,'2021-12-16','09:00:00',11,'2021-12-16','11:30:00',35,7951,'Brest','Paris'),(910,15,'2021-12-17','09:00:00',11,'2021-12-17','11:30:00',35,7951,'Brest','Paris');
/*!40000 ALTER TABLE `Billet` ENABLE KEYS */;
UNLOCK TABLES;

--
-- Table structure for table `Clients`
--

DROP TABLE IF EXISTS `Clients`;
/*!40101 SET @saved_cs_client     = @@character_set_client */;
/*!50503 SET character_set_client = utf8mb4 */;
CREATE TABLE `Clients` (
  `Prenom` varchar(45) NOT NULL,
  `Nom` varchar(45) NOT NULL,
  `Type` varchar(45) NOT NULL,
  `Reduction` varchar(45) NOT NULL,
  `login` varchar(45) NOT NULL,
  `password` char(60) NOT NULL,
  PRIMARY KEY (`login`),
  UNIQUE KEY `login_UNIQUE` (`login`),
  KEY `fk_Client_Reduction_idx` (`Reduction`),
  CONSTRAINT `fk_Client_Reduction` FOREIGN KEY (`Reduction`) REFERENCES `Reduction` (`idReduction`),
  CONSTRAINT `CK_Client_Type` CHECK ((`Type` in (_utf8mb4'Adulte',_utf8mb4'Enfant')))
) ENGINE=InnoDB DEFAULT CHARSET=utf8mb4 COLLATE=utf8mb4_0900_ai_ci;
/*!40101 SET character_set_client = @saved_cs_client */;

--
-- Dumping data for table `Clients`
--

LOCK TABLES `Clients` WRITE;
/*!40000 ALTER TABLE `Clients` DISABLE KEYS */;
INSERT INTO `Clients` VALUES ('Numa','Gout','Adulte','Jeune','numagout','$2b$10$QT.eR1.OHLFrhv.WKOpy6uw5Pyu8k2Bp0siOem8HsPhzuUwqYmXt.');
/*!40000 ALTER TABLE `Clients` ENABLE KEYS */;
UNLOCK TABLES;

--
-- Table structure for table `Gares`
--

DROP TABLE IF EXISTS `Gares`;
/*!40101 SET @saved_cs_client     = @@character_set_client */;
/*!50503 SET character_set_client = utf8mb4 */;
CREATE TABLE `Gares` (
  `id` int NOT NULL AUTO_INCREMENT,
  `Name` varchar(45) NOT NULL,
  `IdVille` varchar(45) NOT NULL,
  PRIMARY KEY (`id`),
  UNIQUE KEY `UQ_Name_IdVille` (`Name`,`IdVille`),
  KEY `fk_Gares_Ville_idx` (`IdVille`),
  CONSTRAINT `fk_Gares_Ville` FOREIGN KEY (`IdVille`) REFERENCES `Villes` (`Name`)
) ENGINE=InnoDB AUTO_INCREMENT=19 DEFAULT CHARSET=utf8mb4 COLLATE=utf8mb4_0900_ai_ci;
/*!40101 SET character_set_client = @saved_cs_client */;

--
-- Dumping data for table `Gares`
--

LOCK TABLES `Gares` WRITE;
/*!40000 ALTER TABLE `Gares` DISABLE KEYS */;
INSERT INTO `Gares` VALUES (18,'Europe','Lille'),(15,'Gare de Brest','Brest'),(13,'Gare de l\'Est','Paris'),(5,'Gare de Lyon','Paris'),(14,'Gare de Strasbourg','Strasbourg'),(12,'Gare du Nord','Paris'),(16,'Matabiau','Toulouse'),(11,'Montparnasse','Paris'),(8,'Part-Dieu','Lyon'),(9,'Perrache','Lyon'),(6,'St-Charles','Marseille'),(10,'St-Exupery','Lyon'),(7,'St-Jean','Bordeaux'),(1,'St-Roch','Montpellier'),(2,'Sud de France','Montpellier');
/*!40000 ALTER TABLE `Gares` ENABLE KEYS */;
UNLOCK TABLES;

--
-- Table structure for table `Place`
--

DROP TABLE IF EXISTS `Place`;
/*!40101 SET @saved_cs_client     = @@character_set_client */;
/*!50503 SET character_set_client = utf8mb4 */;
CREATE TABLE `Place` (
  `idPlace` int NOT NULL AUTO_INCREMENT,
  `Position` varchar(45) NOT NULL,
  `Voiture` int NOT NULL,
  `Numero` int NOT NULL,
  PRIMARY KEY (`idPlace`),
  UNIQUE KEY `UQ_Numero_Voiture` (`Voiture`,`Numero`),
  KEY `fk_Place_Voiture_idx` (`Voiture`),
  CONSTRAINT `fk_Place_Voiture` FOREIGN KEY (`Voiture`) REFERENCES `Voiture` (`idVoiture`),
  CONSTRAINT `CK_Place_Position` CHECK ((`Position` in (_utf8mb4'Couloir',_utf8mb4'Fenetre')))
) ENGINE=InnoDB AUTO_INCREMENT=351 DEFAULT CHARSET=utf8mb4 COLLATE=utf8mb4_0900_ai_ci;
/*!40101 SET character_set_client = @saved_cs_client */;

--
-- Dumping data for table `Place`
--

LOCK TABLES `Place` WRITE;
/*!40000 ALTER TABLE `Place` DISABLE KEYS */;
INSERT INTO `Place` VALUES (11,'Couloir',12,1),(12,'Couloir',12,2),(13,'Couloir',12,3),(14,'Couloir',12,4),(15,'Couloir',12,5),(16,'Couloir',13,1),(17,'Couloir',13,2),(18,'Couloir',13,3),(19,'Couloir',13,4),(20,'Couloir',13,5),(21,'Couloir',14,1),(22,'Couloir',14,2),(23,'Couloir',14,3),(24,'Couloir',14,4),(25,'Couloir',14,5),(36,'Couloir',19,1),(37,'Couloir',19,2),(38,'Couloir',19,3),(39,'Couloir',19,4),(40,'Couloir',19,5),(41,'Couloir',20,1),(42,'Couloir',20,2),(43,'Couloir',20,3),(44,'Couloir',20,4),(45,'Couloir',20,5),(46,'Couloir',21,1),(47,'Couloir',21,2),(48,'Couloir',21,3),(49,'Couloir',21,4),(50,'Couloir',21,5),(51,'Couloir',22,1),(52,'Couloir',22,2),(53,'Couloir',22,3),(54,'Couloir',22,4),(55,'Couloir',22,5),(56,'Couloir',23,1),(57,'Couloir',23,2),(58,'Couloir',23,3),(59,'Couloir',23,4),(60,'Couloir',23,5),(61,'Couloir',24,1),(62,'Couloir',24,2),(63,'Couloir',24,3),(64,'Couloir',24,4),(65,'Couloir',24,5),(66,'Couloir',25,1),(67,'Couloir',25,2),(68,'Couloir',25,3),(69,'Couloir',25,4),(70,'Couloir',25,5),(71,'Couloir',26,1),(72,'Couloir',26,2),(73,'Couloir',26,3),(74,'Couloir',26,4),(75,'Couloir',26,5),(76,'Couloir',27,1),(77,'Couloir',27,2),(78,'Couloir',27,3),(79,'Couloir',27,4),(80,'Couloir',27,5),(81,'Couloir',28,1),(82,'Couloir',28,2),(83,'Couloir',28,3),(84,'Couloir',28,4),(85,'Couloir',28,5),(86,'Couloir',29,1),(87,'Couloir',29,2),(88,'Couloir',29,3),(89,'Couloir',29,4),(90,'Couloir',29,5),(91,'Couloir',30,1),(92,'Couloir',30,2),(93,'Couloir',30,3),(94,'Couloir',30,4),(95,'Couloir',30,5),(96,'Couloir',31,1),(97,'Couloir',31,2),(98,'Couloir',31,3),(99,'Couloir',31,4),(100,'Couloir',31,5),(101,'Couloir',32,1),(102,'Couloir',32,2),(103,'Couloir',32,3),(104,'Couloir',32,4),(105,'Couloir',32,5),(106,'Couloir',33,1),(107,'Couloir',33,2),(108,'Couloir',33,3),(109,'Couloir',33,4),(110,'Couloir',33,5),(111,'Couloir',34,1),(112,'Couloir',34,2),(113,'Couloir',34,3),(114,'Couloir',34,4),(115,'Couloir',34,5),(116,'Couloir',35,1),(117,'Couloir',35,2),(118,'Couloir',35,3),(119,'Couloir',35,4),(120,'Couloir',35,5),(121,'Couloir',36,1),(122,'Couloir',36,2),(123,'Couloir',36,3),(124,'Couloir',36,4),(125,'Couloir',36,5),(126,'Couloir',37,1),(127,'Couloir',37,2),(128,'Couloir',37,3),(129,'Couloir',37,4),(130,'Couloir',37,5),(131,'Couloir',38,1),(132,'Couloir',38,2),(133,'Couloir',38,3),(134,'Couloir',38,4),(135,'Couloir',38,5),(136,'Couloir',39,1),(137,'Couloir',39,2),(138,'Couloir',39,3),(139,'Couloir',39,4),(140,'Couloir',39,5),(141,'Couloir',40,1),(142,'Couloir',40,2),(143,'Couloir',40,3),(144,'Couloir',40,4),(145,'Couloir',40,5),(146,'Couloir',41,1),(147,'Couloir',41,2),(148,'Couloir',41,3),(149,'Couloir',41,4),(150,'Couloir',41,5),(151,'Couloir',42,1),(152,'Couloir',42,2),(153,'Couloir',42,3),(154,'Couloir',42,4),(155,'Couloir',42,5),(156,'Couloir',43,1),(157,'Couloir',43,2),(158,'Couloir',43,3),(159,'Couloir',43,4),(160,'Couloir',43,5),(161,'Couloir',44,1),(162,'Couloir',44,2),(163,'Couloir',44,3),(164,'Couloir',44,4),(165,'Couloir',44,5),(166,'Couloir',45,1),(167,'Couloir',45,2),(168,'Couloir',45,3),(169,'Couloir',45,4),(170,'Couloir',45,5),(171,'Couloir',46,1),(172,'Couloir',46,2),(173,'Couloir',46,3),(174,'Couloir',46,4),(175,'Couloir',46,5),(176,'Couloir',47,1),(177,'Couloir',47,2),(178,'Couloir',47,3),(179,'Couloir',47,4),(180,'Couloir',47,5),(181,'Couloir',48,1),(182,'Couloir',48,2),(183,'Couloir',48,3),(184,'Couloir',48,4),(185,'Couloir',48,5),(186,'Couloir',49,1),(187,'Couloir',49,2),(188,'Couloir',49,3),(189,'Couloir',49,4),(190,'Couloir',49,5),(191,'Couloir',50,1),(192,'Couloir',50,2),(193,'Couloir',50,3),(194,'Couloir',50,4),(195,'Couloir',50,5),(196,'Couloir',51,1),(197,'Couloir',51,2),(198,'Couloir',51,3),(199,'Couloir',51,4),(200,'Couloir',51,5),(201,'Couloir',52,1),(202,'Couloir',52,2),(203,'Couloir',52,3),(204,'Couloir',52,4),(205,'Couloir',52,5),(206,'Couloir',53,1),(207,'Couloir',53,2),(208,'Couloir',53,3),(209,'Couloir',53,4),(210,'Couloir',53,5),(211,'Couloir',54,1),(212,'Couloir',54,2),(213,'Couloir',54,3),(214,'Couloir',54,4),(215,'Couloir',54,5),(216,'Couloir',55,1),(217,'Couloir',55,2),(218,'Couloir',55,3),(219,'Couloir',55,4),(220,'Couloir',55,5),(221,'Couloir',56,1),(222,'Couloir',56,2),(223,'Couloir',56,3),(224,'Couloir',56,4),(225,'Couloir',56,5),(226,'Couloir',57,1),(227,'Couloir',57,2),(228,'Couloir',57,3),(229,'Couloir',57,4),(230,'Couloir',57,5),(231,'Couloir',58,1),(232,'Couloir',58,2),(233,'Couloir',58,3),(234,'Couloir',58,4),(235,'Couloir',58,5),(236,'Couloir',59,1),(237,'Couloir',59,2),(238,'Couloir',59,3),(239,'Couloir',59,4),(240,'Couloir',59,5),(241,'Couloir',60,1),(242,'Couloir',60,2),(243,'Couloir',60,3),(244,'Couloir',60,4),(245,'Couloir',60,5),(246,'Couloir',61,1),(247,'Couloir',61,2),(248,'Couloir',61,3),(249,'Couloir',61,4),(250,'Couloir',61,5),(251,'Couloir',62,1),(252,'Couloir',62,2),(253,'Couloir',62,3),(254,'Couloir',62,4),(255,'Couloir',62,5),(256,'Couloir',63,1),(257,'Couloir',63,2),(258,'Couloir',63,3),(259,'Couloir',63,4),(260,'Couloir',63,5),(261,'Couloir',64,1),(262,'Couloir',64,2),(263,'Couloir',64,3),(264,'Couloir',64,4),(265,'Couloir',64,5),(266,'Couloir',65,1),(267,'Couloir',65,2),(268,'Couloir',65,3),(269,'Couloir',65,4),(270,'Couloir',65,5),(271,'Couloir',66,1),(272,'Couloir',66,2),(273,'Couloir',66,3),(274,'Couloir',66,4),(275,'Couloir',66,5),(276,'Couloir',67,1),(277,'Couloir',67,2),(278,'Couloir',67,3),(279,'Couloir',67,4),(280,'Couloir',67,5),(281,'Couloir',68,1),(282,'Couloir',68,2),(283,'Couloir',68,3),(284,'Couloir',68,4),(285,'Couloir',68,5),(286,'Couloir',69,1),(287,'Couloir',69,2),(288,'Couloir',69,3),(289,'Couloir',69,4),(290,'Couloir',69,5),(291,'Couloir',70,1),(292,'Couloir',70,2),(293,'Couloir',70,3),(294,'Couloir',70,4),(295,'Couloir',70,5),(296,'Couloir',71,1),(297,'Couloir',71,2),(298,'Couloir',71,3),(299,'Couloir',71,4),(300,'Couloir',71,5),(301,'Couloir',72,1),(302,'Couloir',72,2),(303,'Couloir',72,3),(304,'Couloir',72,4),(305,'Couloir',72,5),(306,'Couloir',73,1),(307,'Couloir',73,2),(308,'Couloir',73,3),(309,'Couloir',73,4),(310,'Couloir',73,5),(311,'Couloir',74,1),(312,'Couloir',74,2),(313,'Couloir',74,3),(314,'Couloir',74,4),(315,'Couloir',74,5),(316,'Couloir',75,1),(317,'Couloir',75,2),(318,'Couloir',75,3),(319,'Couloir',75,4),(320,'Couloir',75,5),(321,'Couloir',76,1),(322,'Couloir',76,2),(323,'Couloir',76,3),(324,'Couloir',76,4),(325,'Couloir',76,5),(326,'Couloir',77,1),(327,'Couloir',77,2),(328,'Couloir',77,3),(329,'Couloir',77,4),(330,'Couloir',77,5),(331,'Couloir',78,1),(332,'Couloir',78,2),(333,'Couloir',78,3),(334,'Couloir',78,4),(335,'Couloir',78,5),(336,'Couloir',79,1),(337,'Couloir',79,2),(338,'Couloir',79,3),(339,'Couloir',79,4),(340,'Couloir',79,5),(341,'Couloir',80,1),(342,'Couloir',80,2),(343,'Couloir',80,3),(344,'Couloir',80,4),(345,'Couloir',80,5),(346,'Couloir',81,1),(347,'Couloir',81,2),(348,'Couloir',81,3),(349,'Couloir',81,4),(350,'Couloir',81,5);
/*!40000 ALTER TABLE `Place` ENABLE KEYS */;
UNLOCK TABLES;

--
-- Table structure for table `Reduction`
--

DROP TABLE IF EXISTS `Reduction`;
/*!40101 SET @saved_cs_client     = @@character_set_client */;
/*!50503 SET character_set_client = utf8mb4 */;
CREATE TABLE `Reduction` (
  `idReduction` varchar(10) NOT NULL,
  `Taux` int NOT NULL,
  PRIMARY KEY (`idReduction`)
) ENGINE=InnoDB DEFAULT CHARSET=utf8mb4 COLLATE=utf8mb4_0900_ai_ci;
/*!40101 SET character_set_client = @saved_cs_client */;

--
-- Dumping data for table `Reduction`
--

LOCK TABLES `Reduction` WRITE;
/*!40000 ALTER TABLE `Reduction` DISABLE KEYS */;
INSERT INTO `Reduction` VALUES ('Aucune',0),('Decouverte',60),('Jeune',50),('Militaire',75),('Senior',50);
/*!40000 ALTER TABLE `Reduction` ENABLE KEYS */;
UNLOCK TABLES;

--
-- Table structure for table `Reservation`
--

DROP TABLE IF EXISTS `Reservation`;
/*!40101 SET @saved_cs_client     = @@character_set_client */;
/*!50503 SET character_set_client = utf8mb4 */;
CREATE TABLE `Reservation` (
  `idReservation` int NOT NULL AUTO_INCREMENT,
  `Client` varchar(45) NOT NULL,
  `Billet` int NOT NULL,
  `NumeroVoiture` int NOT NULL,
  `NumeroPlace` int NOT NULL,
  PRIMARY KEY (`idReservation`),
  KEY `fk_Reservation_Billet_idx` (`Billet`),
  KEY `fk_Reservation_Client` (`Client`),
  CONSTRAINT `fk_Reservation_Billet` FOREIGN KEY (`Billet`) REFERENCES `Billet` (`idBillet`),
  CONSTRAINT `fk_Reservation_Client` FOREIGN KEY (`Client`) REFERENCES `Clients` (`login`)
) ENGINE=InnoDB AUTO_INCREMENT=22 DEFAULT CHARSET=utf8mb4 COLLATE=utf8mb4_0900_ai_ci;
/*!40101 SET character_set_client = @saved_cs_client */;

--
-- Dumping data for table `Reservation`
--

LOCK TABLES `Reservation` WRITE;
/*!40000 ALTER TABLE `Reservation` DISABLE KEYS */;
INSERT INTO `Reservation` VALUES (18,'numagout',43,1,3),(19,'numagout',58,1,1),(20,'numagout',127,1,4),(21,'numagout',244,1,1);
/*!40000 ALTER TABLE `Reservation` ENABLE KEYS */;
UNLOCK TABLES;

--
-- Table structure for table `Train`
--

DROP TABLE IF EXISTS `Train`;
/*!40101 SET @saved_cs_client     = @@character_set_client */;
/*!50503 SET character_set_client = utf8mb4 */;
CREATE TABLE `Train` (
  `idTrain` int NOT NULL,
  PRIMARY KEY (`idTrain`)
) ENGINE=InnoDB DEFAULT CHARSET=utf8mb4 COLLATE=utf8mb4_0900_ai_ci;
/*!40101 SET character_set_client = @saved_cs_client */;

--
-- Dumping data for table `Train`
--

LOCK TABLES `Train` WRITE;
/*!40000 ALTER TABLE `Train` DISABLE KEYS */;
INSERT INTO `Train` VALUES (1254),(1452),(1478),(1567),(1748),(2647),(2749),(3556),(4137),(4189),(4199),(4578),(4896),(5489),(6379),(6397),(6843),(7556),(7699),(7951),(8475),(9614);
/*!40000 ALTER TABLE `Train` ENABLE KEYS */;
UNLOCK TABLES;

--
-- Table structure for table `Villes`
--

DROP TABLE IF EXISTS `Villes`;
/*!40101 SET @saved_cs_client     = @@character_set_client */;
/*!50503 SET character_set_client = utf8mb4 */;
CREATE TABLE `Villes` (
  `Name` varchar(45) NOT NULL,
  PRIMARY KEY (`Name`)
) ENGINE=InnoDB DEFAULT CHARSET=utf8mb4 COLLATE=utf8mb4_0900_ai_ci;
/*!40101 SET character_set_client = @saved_cs_client */;

--
-- Dumping data for table `Villes`
--

LOCK TABLES `Villes` WRITE;
/*!40000 ALTER TABLE `Villes` DISABLE KEYS */;
INSERT INTO `Villes` VALUES ('Bordeaux'),('Brest'),('Lille'),('Lyon'),('Marseille'),('Montpellier'),('Paris'),('Strasbourg'),('Toulouse');
/*!40000 ALTER TABLE `Villes` ENABLE KEYS */;
UNLOCK TABLES;

--
-- Table structure for table `Voiture`
--

DROP TABLE IF EXISTS `Voiture`;
/*!40101 SET @saved_cs_client     = @@character_set_client */;
/*!50503 SET character_set_client = utf8mb4 */;
CREATE TABLE `Voiture` (
  `idVoiture` int NOT NULL AUTO_INCREMENT,
  `NbPlaces` int NOT NULL,
  `Train` int NOT NULL,
  `Numero` int NOT NULL,
  PRIMARY KEY (`idVoiture`),
  UNIQUE KEY `UQ_Numero_Train` (`Train`,`Numero`),
  KEY `fk_Voiture_Train_idx` (`Train`),
  CONSTRAINT `fk_Voiture_Train` FOREIGN KEY (`Train`) REFERENCES `Train` (`idTrain`)
) ENGINE=InnoDB AUTO_INCREMENT=82 DEFAULT CHARSET=utf8mb4 COLLATE=utf8mb4_0900_ai_ci;
/*!40101 SET character_set_client = @saved_cs_client */;

--
-- Dumping data for table `Voiture`
--

LOCK TABLES `Voiture` WRITE;
/*!40000 ALTER TABLE `Voiture` DISABLE KEYS */;
INSERT INTO `Voiture` VALUES (12,5,1452,1),(13,5,1452,2),(14,5,1452,3),(19,5,1254,1),(20,5,1254,2),(21,5,1254,3),(22,5,4578,1),(23,5,4578,2),(24,5,4578,3),(25,5,1567,1),(26,5,1567,2),(27,5,1567,3),(28,5,7951,1),(29,5,7951,2),(30,5,7951,3),(31,5,6379,1),(32,5,6379,2),(33,5,6379,3),(34,5,4189,1),(35,5,4189,2),(36,5,4189,3),(37,5,7556,1),(38,5,7556,2),(39,5,7556,3),(40,5,7699,1),(41,5,7699,2),(42,5,7699,3),(43,5,3556,1),(44,5,3556,2),(45,5,3556,3),(46,5,4896,1),(47,5,4896,2),(48,5,4896,3),(49,5,1748,1),(50,5,1748,2),(51,5,1748,3),(52,5,6397,1),(53,5,6397,2),(54,5,6397,3),(55,5,2647,1),(56,5,2647,2),(57,5,2647,3),(58,5,2749,1),(59,5,2749,2),(60,5,2749,3),(61,5,5489,1),(62,5,5489,2),(63,5,5489,3),(64,5,4137,1),(65,5,4137,2),(66,5,4137,3),(67,5,1478,1),(68,5,1478,2),(69,5,1478,3),(70,5,6843,1),(71,5,6843,2),(72,5,6843,3),(73,5,4199,1),(74,5,4199,2),(75,5,4199,3),(76,5,8475,1),(77,5,8475,2),(78,5,8475,3),(79,5,9614,1),(80,5,9614,2),(81,5,9614,3);
/*!40000 ALTER TABLE `Voiture` ENABLE KEYS */;
UNLOCK TABLES;
/*!40103 SET TIME_ZONE=@OLD_TIME_ZONE */;

/*!40101 SET SQL_MODE=@OLD_SQL_MODE */;
/*!40014 SET FOREIGN_KEY_CHECKS=@OLD_FOREIGN_KEY_CHECKS */;
/*!40014 SET UNIQUE_CHECKS=@OLD_UNIQUE_CHECKS */;
/*!40101 SET CHARACTER_SET_CLIENT=@OLD_CHARACTER_SET_CLIENT */;
/*!40101 SET CHARACTER_SET_RESULTS=@OLD_CHARACTER_SET_RESULTS */;
/*!40101 SET COLLATION_CONNECTION=@OLD_COLLATION_CONNECTION */;
/*!40111 SET SQL_NOTES=@OLD_SQL_NOTES */;

-- Dump completed on 2021-12-03 16:43:23
